2016-17,name,2017-18,2018-19,2019-20_x,2019-20_y,cross_season_id
1.0,David Ospina,1.0,,,,1a8a30ca-f215-4aff-b11e-3027b6eb6a30
2.0,Petr Cech,2.0,1.0,,,ff45ce3d-f17e-4568-83a6-bbc2e0808f85
3.0,Laurent Koscielny,4.0,3.0,7.0,7.0,d8a2e8c5-95ff-49e5-ad0a-128bdd1b032d
4.0,Per Mertesacker,5.0,,,,08f65df4-ce63-400e-bc34-9dc7a5f86f17
5.0,Gabriel Armando de Abreu,6.0,,,,a3f02908-5f30-4e91-8166-80b5e3f97042
6.0,Héctor Bellerín,7.0,4.0,2.0,2.0,9f19f3dc-91b0-4d74-8134-f48a3e870dd1
7.0,Kieran Gibbs,8.0,,,,501a361a-8327-441f-8d1f-b968ac2ae345
8.0,Mathieu Debuchy,564.0,,,,27c663cd-fe73-4a38-9cb5-a2d1ea1baf7f
9.0,Carl Jenkinson,9.0,581.0,9.0,9.0,4e1bc250-3ce1-454c-8038-49a1595fa189
10.0,Nacho Monreal,10.0,5.0,6.0,6.0,24b15f62-23d6-4bbe-b646-b712bf5809df
11.0,Calum Chambers,480.0,9.0,,467.0,53b0a04a-6d5b-4221-aad7-cc21545a4f11
12.0,Alexis Sánchez,14.0,295.0,240.0,240.0,6773c0fb-e563-4627-900e-75a856b7ee02
13.0,Theo Walcott,15.0,164.0,153.0,153.0,6e022c0a-950c-49ed-b8b1-ab2c7bd90f69
14.0,Mesut Özil,16.0,13.0,15.0,15.0,432b52d1-c104-48cd-94e0-3d990d2fd42a
15.0,Santiago Cazorla,17.0,,,,433ab672-973b-432f-9e59-cdd3344133f6
16.0,Aaron Ramsey,18.0,14.0,,,c4a2df56-4ee5-4374-a5e6-6926163f60dc
17.0,Jack Wilshere,24.0,447.0,394.0,394.0,af2fe006-8c58-41b6-b15c-75d6ee70de23
18.0,Alex Oxlade-Chamberlain,19.0,248.0,193.0,193.0,4a7a0041-effe-4ee2-a3d6-f8aac32c4f72
19.0,Serge Gnabry,,,,,149934a9-cfc5-4935-9684-8918cb5555e6
20.0,Francis Coquelin,20.0,,,,e3729884-bf3f-45ed-8745-8990919a71b2
21.0,Alex Iwobi,21.0,15.0,17.0,17.0,7e2bde98-cd23-4671-840b-3ba58f7d51af
22.0,Mohamed Elneny,22.0,16.0,20.0,20.0,0f895c07-d91a-4026-921c-b990e22f516e
23.0,Joel Campbell,,,,,7378a107-6af0-4e18-916c-95dd71c4d7ff
24.0,Granit Xhaka,23.0,17.0,18.0,18.0,cc909916-6633-4ed0-bbfd-3ee2814a1a45
25.0,Olivier Giroud,25.0,133.0,110.0,110.0,44a6caf9-ffb4-4c32-a5a6-4f9ee0e83592
26.0,Danny Welbeck,26.0,21.0,,512.0,9d7862c2-4a8d-47e7-b187-023131293826
27.0,Yaya Sanogo,,,,,f8db4c9e-bedd-413d-878a-0194eae99d05
28.0,Takuma Asano,,,,,66591190-f171-4619-8266-3104ace1d621
29.0,Artur Boruc,30.0,25.0,73.0,73.0,4ca7defe-943e-4b06-ac70-642bc1202372
30.0,Adam Federici,31.0,,,,a0869213-2e62-44ed-a31b-81c6e67dc32c
31.0,Simon Francis,32.0,26.0,62.0,62.0,39edadc5-d510-469a-aeef-9d2b7fcdbd23
32.0,Steve Cook,33.0,27.0,58.0,58.0,f0bf987c-7cc0-47ef-a3a2-6a6684e14821
33.0,Charlie Daniels,34.0,28.0,60.0,60.0,d2844446-8382-4340-8579-89ffaf2e804e
34.0,Adam Smith,35.0,29.0,63.0,63.0,7ead9928-a0fa-4f3f-b295-a159a28e0dfa
35.0,Tyrone Mings,36.0,30.0,,445.0,e4c723c5-52fc-4ce1-abbb-3ad8f42c49bf
36.0,Nathan Aké,38.0,31.0,59.0,59.0,6f7b91f4-bc5d-433e-aa22-c991a1663df0
37.0,Harry Arter,39.0,33.0,,,c6f12c92-18f1-4fcc-ab9d-3cc1be911f32
38.0,Marc Pugh,40.0,34.0,,,998952e1-7248-43fd-9b76-d02e43af27b6
39.0,Andrew Surman,41.0,35.0,80.0,80.0,faf674bd-159d-4988-bb0c-9890f0b9a8fc
40.0,Eunan O'Kane,,,,,cb8b7c06-03bb-4c74-b688-d730f7647c39
41.0,Shaun MacDonald,,,,,5e8adab3-f673-4726-98f8-d3f4c3adffea
42.0,Junior Stanislas,42.0,36.0,77.0,77.0,3a6db988-9887-4bde-ba56-d3a5a209e008
43.0,Dan Gosling,43.0,37.0,81.0,81.0,f5ee4a9f-1d9a-4d50-bdbf-c84bbe393d71
44.0,Max Gradel,44.0,,,,487de793-36e1-4fab-8f3d-09571c6ab698
45.0,Emerson Hyndman,584.0,41.0,,,992b22a5-db38-4afc-baa0-9e35ffefa6bf
46.0,Jordon Ibe,45.0,38.0,78.0,78.0,8193f5b5-950c-4b24-8f03-9d5dcec75b25
47.0,Lewis Cook,46.0,39.0,79.0,79.0,2c563d0c-80d1-4fcf-bd1f-4ee615be43a5
48.0,Joshua King,51.0,45.0,68.0,68.0,b0ef7f05-49fc-47b7-9e0f-0cb3f4cd91d0
49.0,Callum Wilson,48.0,43.0,67.0,67.0,697f3970-6a82-4fd5-af43-5522e5d8c7af
50.0,Tokelo Rantie,,,,,2b83f932-7fb7-4b30-9582-dc7b1e677472
51.0,Lewis Grabban,,,,,032173fe-49ea-438a-898d-2599ea91b496
52.0,Benik Afobe,49.0,,,,d2c7f361-20ea-4b02-b728-2fb6d465adf3
53.0,Lys Mousset,50.0,44.0,70.0,70.0,e308b1b2-ffa1-4926-9fc2-172be2b1de93
54.0,Tom Heaton,74.0,67.0,94.0,94.0,896b20a9-acbf-48c9-ad7e-e78bc0a5ce5e
55.0,Matthew Lowton,76.0,69.0,85.0,85.0,180d10f4-464f-4484-8c97-037daeafa373
56.0,Ben Mee,77.0,70.0,83.0,83.0,ddb2e506-f234-40b7-9571-5322641730ea
57.0,Stephen Ward,78.0,71.0,,,7c9bc865-ac92-49e9-afd1-880a59d47ab5
58.0,Michael Keane,146.0,162.0,143.0,143.0,c88de673-4cbf-4481-aafa-75a7e9f9a3a8
59.0,James Tarkowski,79.0,72.0,84.0,84.0,ad1c03c0-be04-49d9-b980-a61d0b716d04
60.0,Tendayi Darikwa,,,,,afe4b679-5e7f-4309-a904-50b7a6f590a8
61.0,David Jones,,,,,24005181-96a3-42dd-8a47-c99c33efe29a
62.0,George Boyd,,,,,2459f186-dd0e-4517-b83b-0921a27e121d
63.0,Scott Arfield,82.0,,,,49a93d0a-1533-472b-bc7a-30553a4e8a87
64.0,Dean Marney,83.0,,,,fbcd879b-0607-4fe2-ac14-0b24d062380a
65.0,Fredrik Ulvestad,575.0,,,,ff5c1d15-26cb-4919-820b-b290b209b915
66.0,Michael Kightly,,,,,31426688-b252-469b-90fa-0f1bf756bafc
67.0,Sam Vokes,91.0,84.0,,,3aa1560e-f4d6-442e-9c80-1b4ee7b0233d
68.0,Andre Gray,92.0,395.0,364.0,364.0,719b01cc-dc90-4369-bbc9-a7984f2170be
69.0,Lukas Jutkiewicz,,,,,b039dd40-f48d-4761-9831-960fbc0caf9e
70.0,Ashley Barnes,93.0,85.0,90.0,90.0,00b1ee05-7ade-4f33-b159-2125f7aa67a0
71.0,Rouwen Hennings,,,,,849200e6-8bb9-45a7-b944-e5cf02142a96
72.0,Chris Long,,,,,0f1a7b1b-c238-422e-b3c9-c202271358ca
73.0,Thibaut Courtois,94.0,111.0,,,625e7d2a-1f0c-4965-8c49-4c70d9724e1b
74.0,Asmir Begovic,29.0,24.0,72.0,72.0,20325398-4482-45b4-b748-0f18b6c4a5fb
75.0,John Terry,,,,,f34ed3e2-11a0-45c7-8095-1f267f9e6e3e
76.0,Branislav Ivanovic,,,,,81cd795d-9716-4214-adff-ed5d1be98c06
77.0,César Azpilicueta,97.0,113.0,105.0,105.0,a8a589d3-5e03-4991-b331-09845adfe9ff
78.0,Gary Cahill,98.0,114.0,,503.0,acef2f64-6eeb-42cd-8e14-89b29207c099
79.0,Kurt Zouma,99.0,526.0,,459.0,fef0875e-8401-41a3-999f-c49a936e860c
80.0,Abdul Rahman Baba,,,,,c68034e9-c220-4b96-ab0c-b168386979b2
81.0,Matt Miazga,,,,,45e7ed32-2fab-4474-ad86-e7868f8b1218
82.0,Eden Hazard,104.0,122.0,,,946153bb-0567-418e-aa37-d1499142f415
83.0,Cesc Fàbregas,105.0,123.0,,,a83049df-4b75-48bf-83bc-517584d4c31b
84.0,Oscar dos Santos Emboaba Junior,,,,,d032ce52-a724-40e6-aca5-f1155270d703
85.0,Juan Cuadrado,,,,,fe36bc8d-7e2b-4051-bb51-98eaef47adfd
86.0,Willian Borges Da Silva,106.0,124.0,113.0,113.0,719366ec-8b39-4be4-8b39-cab62b3a0ed5
87.0,Nemanja Matic,107.0,296.0,247.0,247.0,7c19f93f-bdb7-41f4-ad07-9dc74bb9952e
88.0,Ruben Loftus-Cheek,108.0,132.0,115.0,115.0,38dee106-f011-43ca-8160-af5b555d9912
89.0,John Obi Mikel,,,,,90422078-ee09-4d5e-98e1-024a8785c9c5
90.0,Pedro Rodríguez Ledesma,109.0,125.0,114.0,114.0,9853a0f4-90ec-4bc5-ae19-f6d485a45651
91.0,Bertrand Traore,,,,,29df6427-4b21-4157-94b0-6efe14ac30d7
92.0,Victor Moses,102.0,117.0,,,24f9ab8d-da02-42f8-9923-9b8eb04b55c4
93.0,Marco Van Ginkel,,,,,61068aaa-dfc7-4761-8104-fc0b6aa19f23
94.0,Robert Kenedy Nunes do Nascimento,110.0,458.0,,462.0,5b61b420-6aff-42a3-931b-c91a62a45ce6
95.0,N'Golo Kanté,111.0,126.0,119.0,119.0,4d9cfbdd-6fb2-44fc-aaf6-1d033f0b7bb7
96.0,Michy Batshuayi,113.0,592.0,,461.0,880f02ee-fc03-4dde-9eef-6d732aa1f4ee
97.0,Diego Da Silva Costa,114.0,,,,a3224682-e2f7-478a-90dc-f55314b3482e
98.0,Loïc Remy,,,,,eb034703-d073-482a-b4b0-25844cfb56bf
99.0,Julian Speroni,116.0,136.0,,,8bd6dd3e-d405-4a7e-810f-0741897902c4
100.0,Wayne Hennessey,115.0,135.0,132.0,132.0,e742e826-5e34-4923-9bc2-6913734d4de2
101.0,Alex McCarthy,305.0,328.0,318.0,318.0,7af9731f-9c46-4806-bb00-d4ee1a28f1f1
102.0,Steve Mandanda,,,,,6aa4c8f8-fd5c-4286-a9a1-7e06548b7d42
103.0,James Tomkins,117.0,138.0,124.0,124.0,5404eff5-d635-4bdd-a31f-034e7ad0f519
104.0,Scott Dann,118.0,139.0,127.0,127.0,4e24a9b4-658b-4f5f-a610-a3f758e5aaf7
105.0,Joel Ward,119.0,441.0,126.0,126.0,424e4f39-4b3e-4e9c-8026-20a58a74353d
106.0,Martin Kelly,120.0,140.0,128.0,128.0,07015a25-c8ca-4672-a195-b09430bc54d5
107.0,Damien Delaney,121.0,,,,fff77bc1-b71a-48c8-97ba-274feefdf6fb
108.0,Pape Souaré,122.0,443.0,,,dffdcc62-f072-4915-83a2-dc30122dce18
109.0,Yannick Bolasie,147.0,165.0,,,d59e2540-7b4b-40bb-836e-4b31b1f540dc
110.0,Jason Puncheon,125.0,146.0,,,9893f39a-2abf-4099-84a3-b4d93069b9b1
111.0,Wilfried Zaha,126.0,151.0,133.0,133.0,492c529c-abf6-437b-b5c3-c4043f4375c7
112.0,Mile Jedinak,,,,,b1499569-0ce9-473e-ac51-7a11e8d7549c
113.0,Joe Ledley,,,,,4f7d9be6-0d8f-4bff-9c4e-8578d22c8b3a
114.0,James McArthur,127.0,147.0,138.0,138.0,9413e8a2-ef20-4ac6-bcab-0428404630c7
115.0,Jordon Mutch,552.0,,,,694ead9d-90dd-4464-bff5-51bc55599893
116.0,Jonathan Williams,,,,,cdf44cf8-e257-446c-8f7c-c77feaf2e554
117.0,Chung-yong Lee,128.0,,,,6ecb3314-3e8b-4521-ba18-48f167cdff6b
118.0,Yohan Cabaye,129.0,,,,1e6ad2de-d6d0-43c2-8f18-307efddfb601
119.0,Bakary Sako,130.0,148.0,,,8d933370-094f-4f88-8474-8b3ea402062c
120.0,Andros Townsend,131.0,149.0,135.0,135.0,5dffdbb6-10fe-400d-87b5-ec8ca30accc0
121.0,Fraizer Campbell,,,,,26c7ce35-5171-4e1c-b22a-f6ca35ffcb4d
122.0,Connor Wickham,133.0,444.0,130.0,130.0,659cee83-7be4-46e3-ae8e-8fcd08266fd4
123.0,Joel Robles,136.0,,,,781dac37-4f5f-4745-805e-633fe9486fe8
124.0,Maarten Stekelenburg,137.0,155.0,149.0,149.0,0a3563a2-d560-4431-a6da-0d38f48d7180
125.0,Leighton Baines,138.0,156.0,145.0,145.0,29814ab0-5e79-4321-a8e0-aa881f428b20
126.0,Seamus Coleman,139.0,157.0,144.0,144.0,9a7d8ccc-361d-430d-a2d6-7af8ee09e79f
127.0,Phil Jagielka,140.0,158.0,,444.0,ea9f1ffe-5681-48d3-aa0c-87e5f19b663d
128.0,John Stones,242.0,262.0,207.0,207.0,3385c60f-98a2-4bd5-a036-253f209da9eb
129.0,Brendan Galloway,,,,,6150ab38-d079-468f-b2f8-8f6a40c9f974
130.0,Tyias Browning,,532.0,,,f1e70e41-63e1-4644-8cdc-7b8173afc8c6
131.0,Matthew Pennington,141.0,,,,2fae74d7-2f68-4416-8fd3-fb17e30b67d8
132.0,Ramiro Funes Mori,142.0,,,,afc3c321-d940-40d6-970d-3a5026a794c6
133.0,Kevin Mirallas,148.0,469.0,,,0b1db94c-2298-4e3f-a5e6-9bbbaa06e86f
134.0,Ross Barkley,149.0,127.0,117.0,117.0,7caac6a7-300a-43b6-93c1-ba1788855e2a
135.0,Tom Cleverley,408.0,388.0,371.0,371.0,fb9e342c-9619-455f-bfb9-bf6ddd892a4e
136.0,James McCarthy,150.0,166.0,157.0,157.0,2ed0c9b9-a449-444e-8ba5-cbd4c7e9b6ca
137.0,Gareth Barry,151.0,,,,9129945b-8d29-40d9-8ac1-d2c931e2b3cb
138.0,Darron Gibson,,,,,bfc0bd61-62f9-440d-8d25-df2299cbd154
139.0,Muhamed Besic,152.0,,,,f2d60f59-f2fc-48a0-a886-55ae01ae71ee
140.0,Bryan Oviedo,,,,,6afed581-bdbe-4134-a5d2-ea29aedc2843
141.0,Gerard Deulofeu,609.0,394.0,363.0,363.0,46f04068-04f1-47ee-acd4-7721b7f197ab
142.0,Aaron Lennon,153.0,83.0,,430.0,96dae1fc-f913-4fe1-89ff-88b861130700
143.0,Romelu Lukaku,285.0,306.0,232.0,232.0,fdfcce8c-98e9-43d2-966d-3dfc1cb526a0
144.0,Arouna Koné,,,,,6076b8fc-d38d-4788-991e-a49fe59f686a
145.0,Oumar Niasse,548.0,176.0,,,4c87903c-fe91-46df-9a3d-b8353d9ff42a
146.0,Allan McGregor,,,,,b1c217fe-e1b0-480c-9ed9-b6b2f3a83f0a
147.0,Eldin Jakupovic,473.0,214.0,169.0,169.0,89bf2084-d5bd-4909-9ad8-a483d718925b
148.0,Brian Lenihan,,,,,9f0a2142-7568-41e1-a107-e960bd36d6a6
149.0,Curtis Davies,,,,,27e3c0bb-9760-433d-9c69-8be546467011
150.0,Michael Dawson,,,,,ed9d954f-72c9-4709-aacb-567c254b1ee0
151.0,Moses Odubajo,,,,,bc9c5358-f8a5-490a-8f3c-b01d34203253
152.0,Andrew Robertson,475.0,247.0,181.0,181.0,46b540a1-c1a1-4d18-a149-372547c59eb5
153.0,Harry Maguire,198.0,220.0,160.0,160.0,598c91af-d45a-4d39-b98c-488faa74a424
154.0,Alex Bruce,,,,,c3f4aa87-9bb5-4ca6-8d3d-c142c489dc72
155.0,Robert Snodgrass,448.0,489.0,393.0,393.0,ce2a639c-0a2b-47da-b324-c7fe9daebf0d
156.0,Sam Clucas,519.0,,,,ab6a770d-43ff-4339-8068-157eab6210d1
157.0,Jake Livermore,426.0,,,,d5ee4c74-af8b-4ed9-be38-b946ab66bc0b
158.0,Ahmed Elmohamady,,,,,7b699405-aee8-4bf8-a653-d6e4c6621b36
159.0,Mohamed Diamé,298.0,319.0,,,c67a7302-3b26-4b16-ab5e-64e93d59a359
160.0,Tom Huddlestone,,,,,734dee2a-61cb-479b-a2e3-48bdd1b9c151
161.0,David Meyler,,,,,1a691c5a-e8d2-4503-bc03-b948c8c1e4d5
162.0,Shaun Maloney,,,,,f85e802e-fa4e-4a6f-9d6d-e59a696b1854
163.0,Abel Hernández,,,,,7356ab1c-9ec6-4ac1-b87d-bd8ba9fd248a
164.0,Adama Diomande,,,,,85f8c5dc-b65a-446c-b6bb-3492c2863a3e
165.0,Kasper Schmeichel,189.0,213.0,168.0,168.0,7ed9c3ee-a9f5-4ff0-96a3-e1989fc84a97
166.0,Ron-Robert Zieler,,,,,8bb5fbdf-0be2-4db6-b6b2-402704e740f6
167.0,Wes Morgan,191.0,215.0,165.0,165.0,41d3d72d-f0be-4a48-9c93-f1aac7b0dea1
168.0,Christian Fuchs,192.0,216.0,163.0,163.0,aa336900-dad0-4e12-8d32-5c6c80c7517f
169.0,Jeffrey Schlupp,123.0,141.0,137.0,137.0,58898250-290d-4aa7-abe7-02b5c651e51e
170.0,Marcin Wasilewski,,,,,2b0e232e-2b15-401c-8c0c-60e5a3c281f4
171.0,Ritchie de Laet,,,,,a09ad842-c4dc-4b1a-bced-609068fce2f1
172.0,Danny Simpson,193.0,217.0,,,4998fd7c-dd91-48f7-a33d-44c1ce9cc6b9
173.0,Robert Huth,194.0,,,,38684d7c-de76-4078-8c40-2ce6b88e6f73
174.0,Yohan Benalouane,195.0,218.0,,,06465595-0d59-4660-9213-540afd7dd249
175.0,Luis Hernández,,,,,a3bf5ced-2e4a-41db-bcc3-cc1feae54da5
176.0,Riyad Mahrez,199.0,223.0,217.0,217.0,93ba859a-9ae1-4bbd-95e4-ad0cba6ded39
177.0,Marc Albrighton,200.0,224.0,174.0,174.0,34b9d41e-5863-4686-af32-aa76da0b37e7
178.0,Andy King,201.0,,,480.0,cfd6bfa9-a73f-4e7d-adee-54507038a644
179.0,Daniel Drinkwater,202.0,128.0,120.0,120.0,f5cfbdf1-1ab9-4ea5-803d-4f1b389518db
180.0,Gökhan Inler,,,,,e9445246-857d-4b4b-8326-0d69e23a3a11
181.0,Demarai Gray,203.0,225.0,175.0,175.0,57c15ab4-bef4-459f-9f4b-2bc3c697c05c
182.0,Daniel Amartey,204.0,226.0,178.0,178.0,b7bdecb4-cbca-4802-85cb-b51c8594df1e
183.0,Nampalys Mendy,205.0,527.0,179.0,179.0,ef3ecdb9-1ef8-4bd0-a59f-725fb5543044
184.0,Jamie Vardy,209.0,234.0,166.0,166.0,dd705f37-8047-4305-ba7e-7933996030ab
185.0,Leonardo Ulloa,210.0,,,,f08244f6-d865-434c-9968-afdab7c13c9a
186.0,Shinji Okazaki,211.0,235.0,,,299ca878-4fa5-4e63-96d9-a9538c58fccd
187.0,Ahmed Musa,207.0,,,,1940d5dc-234f-44db-8671-dbcb155907b2
188.0,Simon Mignolet,213.0,237.0,190.0,190.0,582186c6-3bad-4a58-a74c-6da7433093e2
189.0,Loris Karius,214.0,238.0,,,50f981be-a4d9-4124-94ac-6c9d241d274d
190.0,Mamadou Sakho,221.0,143.0,125.0,125.0,7065479f-9dfb-422e-9496-85ee8cde8283
191.0,Dejan Lovren,215.0,239.0,186.0,186.0,ca2d78f2-4b69-4e5a-8df6-bf4d431f1120
192.0,Alberto Moreno,216.0,240.0,,,85336243-09da-4cfa-897b-f77623687acb
193.0,Nathaniel Clyne,217.0,241.0,,,e8cc45a4-7cf0-4391-a504-bb6507a7a273
194.0,Jon Flanagan,514.0,,,,f4b7d564-86df-40ec-9cf3-627a259bf1aa
195.0,Joseph Gomez,218.0,242.0,184.0,184.0,ebd89557-6d4c-41dc-b388-aacee1f85fe0
196.0,Connor Randall,,,,,7d9b0011-9c83-40bf-8eb1-16fb55213f25
197.0,Bradley Smith,37.0,,,,6380a01c-dde0-4c45-9a35-91030501b5dc
198.0,Kevin Stewart,,,,,720fa55b-76bb-4db9-8977-db0626dee959
199.0,Joel Matip,219.0,243.0,185.0,185.0,56e6127d-ef9c-4bea-b9f9-2c3874350f26
200.0,Leiva Lucas,224.0,,,,4db6a14b-edcc-4c71-8e7c-869e9ef1d045
201.0,Jordan Henderson,225.0,249.0,198.0,198.0,4d5914a3-f469-4892-9e4c-6ca31452a6e9
202.0,Joe Allen,337.0,,,,a3a941e6-6bc3-4198-b290-0cbf0e994d8e
203.0,Philippe Coutinho,226.0,,,,196a70b0-10ef-4d7b-93d3-cb45694337ce
204.0,Emre Can,227.0,,,,e16a4d29-b891-423b-ae89-2de72e8cae72
205.0,Adam Lallana,228.0,250.0,195.0,195.0,a2074230-e51a-497b-a351-a5f09c03518c
206.0,Lazar Markovic,,594.0,,,c6082b48-5a04-457d-a512-3d8ec534146b
207.0,Oluwaseyi Ojo,229.0,,,,ea6ccf48-f596-4956-af01-bcb417943696
208.0,James Milner,222.0,254.0,200.0,200.0,633f3a1a-832a-47ea-bc9a-ce725b5d00bb
209.0,Roberto Firmino,235.0,257.0,187.0,187.0,6c17a683-e7be-42b0-9582-244f87332869
210.0,Cameron Brannagan,,,,,9ded7021-1460-4976-960b-bc1fc380d43c
211.0,Pedro Chirivella,,,,,1aabbb31-5ab5-4af0-bf66-2d0a6ae37255
212.0,Sadio Mané,230.0,251.0,192.0,192.0,5a8dd1e9-7bfb-426a-a625-c533b43c3cac
213.0,Christian Benteke,134.0,152.0,129.0,129.0,3749cbfa-3537-42dc-8505-925ed9cf703c
214.0,Daniel Sturridge,236.0,472.0,,,4341ab4d-7a13-41a4-ae53-7ffc5e47f0b2
215.0,Mario Balotelli,,,,,b039478a-9e76-47f9-a19c-46721151f4aa
216.0,Danny Ings,237.0,258.0,313.0,313.0,69fe8cbc-7bf7-433f-aeb0-ba76c7c704f7
217.0,Divock Origi,238.0,543.0,188.0,188.0,a40d24d9-4f5a-437c-98d6-39cc829a7a31
218.0,Joe Hart,479.0,490.0,95.0,95.0,a5189f8f-ef1a-45fb-9230-caa73dd10ea3
219.0,Willy Caballero,96.0,112.0,112.0,112.0,b2d35eca-1248-4810-bf6b-5b9ea76c82c6
220.0,Aleksandar Kolarov,243.0,,,,f131578f-ee81-49ff-b6a3-3686eb02353a
221.0,Pablo Zabaleta,447.0,405.0,379.0,379.0,2764b7a0-3ec2-4157-bab0-5d80a2ac459e
222.0,Vincent Kompany,244.0,263.0,,,12a1abf5-ef12-4c19-a72f-8aaf93f546eb
223.0,Gaël Clichy,,,,,3ac1656c-a0ed-43df-a694-a2c12d12f820
224.0,Bacary Sagna,,,,,78aafaa4-25c1-4d80-b77f-7ef96e0c05ec
225.0,Eliaquim Mangala,502.0,,,,c0e8013c-bb07-4ccf-9569-7589f70988f1
226.0,Nicolás Otamendi,245.0,264.0,208.0,208.0,b5c46253-f9b7-410f-9739-3e67224b2c2d
227.0,Fabian Delph,246.0,269.0,205.0,205.0,da5d5a91-210a-4387-a879-a4d856fdf0cd
228.0,Raheem Sterling,247.0,270.0,214.0,214.0,269f35eb-5c59-4c99-b6b5-8595db18037a
229.0,Samir Nasri,,569.0,,,32f3c03f-5be2-4423-adf3-bd15db3891b6
230.0,David Silva,248.0,271.0,219.0,219.0,b9bf12f3-f7dc-4f01-ab8b-d5dbd2ce593f
231.0,Gnegneri Yaya Touré,249.0,,,,9ab98c99-4df9-4d10-9239-1b5e3378bcd7
232.0,Jesús Navas,,,,,6b5c24ef-2c00-4711-bf3d-408049ee69f9
233.0,Fernando Luiz Rosa,250.0,272.0,221.0,221.0,adf5c9e7-39d8-4c13-b0b9-7846d37bfb0a
234.0,Fernando Francisco Reges,251.0,,,,bb8ffa0a-c46a-42f9-9132-9276d5db7d98
235.0,Kevin De Bruyne,252.0,273.0,215.0,215.0,6ecf3d14-6db5-48ff-8573-6cddc83d67fe
236.0,Ilkay Gündogan,253.0,274.0,222.0,222.0,75f6040d-f168-4e9f-9875-87d1c3ca69a9
237.0,Manuel Agudo Durán,254.0,,,,14f8b473-a30d-4ebd-951f-c5ca052abe74
238.0,Oleksandr Zinchenko,551.0,279.0,206.0,206.0,a6c79dca-fa14-4df1-ac5f-36029f2d8fee
239.0,Sergio Agüero,257.0,280.0,210.0,210.0,02889dde-f222-457b-9d23-f2db76cd99b5
240.0,Wilfried Bony,542.0,,,,c630c654-27d8-4e1e-8ad0-ddad7e80cdce
241.0,Kelechi Iheanacho,258.0,236.0,167.0,167.0,9459d6a7-020c-481c-83bf-5cd40850e7e7
242.0,David de Gea,,282.0,235.0,235.0,173f3728-6116-4895-8fc4-abe23a9a2b24
243.0,Sergio Romero,261.0,283.0,236.0,236.0,0d3540f1-7a8f-4816-84f3-e24f4fd03d79
244.0,Chris Smalling,263.0,284.0,223.0,223.0,36a1b3bc-2827-4f86-b803-9f4d476332ba
245.0,Phil Jones,264.0,285.0,231.0,231.0,bbe2df47-890f-45d4-9ee5-c41123260247
246.0,Guillermo Varela,,,,,755d7e93-bc6f-427b-ac9a-1c6912e533f6
247.0,Luke Shaw,265.0,286.0,226.0,226.0,123ae9ac-c236-44d9-884e-83148ed5b966
248.0,Marcos Rojo,266.0,287.0,227.0,227.0,7da42e84-22ad-4c7b-b91c-cb0cb519c6da
249.0,Patrick McNair,,,,,54986fa5-50c5-4e53-ab30-ffb2aec75ad5
250.0,Antonio Valencia,267.0,288.0,,,18c42587-ebf8-40d5-9c36-62d506c40ec6
251.0,Matteo Darmian,268.0,289.0,230.0,230.0,0fa2b1ff-c3cc-4088-92b9-3c517edc3249
252.0,Cameron Borthwick-Jackson,,,,,ec9f5c87-35a9-47d5-9c91-936795021fb2
253.0,Timothy Fosu-Mensah,269.0,511.0,,,5f0b1f10-e402-45b9-b430-2a9ddd3f24c4
254.0,Daley Blind,270.0,290.0,,,451a7c09-cf70-410a-b7be-9be592fb9d94
255.0,Eric Bailly,271.0,291.0,228.0,228.0,5e008041-2007-4a75-8a6e-1aacbab2991c
256.0,Juan Mata,274.0,297.0,242.0,242.0,bd589487-fc09-4146-986d-6cbbffae13ec
257.0,Marouane Fellaini,275.0,298.0,,,f1cd6ac0-8128-45a8-a8ff-9a7ceab58211
258.0,Memphis Depay,,,,,db78b672-0bb4-4e4a-adb4-d387ecf1d7c6
259.0,Michael Carrick,276.0,,,,f031509e-9af1-4419-8163-0bf3b346dab6
260.0,Ashley Young,277.0,293.0,224.0,224.0,00b18dae-ae1e-480f-80f2-6a4538dd61bb
261.0,Adnan Januzaj,,,,,6680f737-4b8e-48ec-94ae-992824fedbab
262.0,Ander Herrera,278.0,299.0,,,2ebb1813-2216-43b0-8310-344a880ea42e
263.0,Andreas Pereira,476.0,481.0,246.0,246.0,55da41f2-43b9-459f-b5a3-dc7d43850ba1
264.0,Morgan Schneiderlin,154.0,167.0,158.0,158.0,c1a7d924-ae1b-458e-9f0c-4d0f5efc3fbb
265.0,Bastian Schweinsteiger,,,,,43150d5c-645c-4d36-a2b1-0248e7976c65
266.0,Jesse Lingard,279.0,300.0,241.0,241.0,c8c47166-62be-4aa2-9522-2c1aa1e50dd6
267.0,Anthony Martial,280.0,301.0,239.0,239.0,8ea9872d-a54b-4dc7-9665-55b81f2e723f
268.0,Henrikh Mkhitaryan,281.0,18.0,16.0,16.0,cc83aeaf-a4dd-4536-aed1-dead88fc5335
269.0,Wayne Rooney,161.0,,,,bdb94346-aed6-497d-a6f4-fd48622ec808
270.0,James Wilson,,,,,5da91deb-4d77-4fe3-baf1-ba49ecc7303c
271.0,Marcus Rashford,284.0,305.0,233.0,233.0,22801c20-2d60-4f5e-ae6b-1de7db4f2918
272.0,Zlatan Ibrahimovic,523.0,,,,a2304709-eedb-4012-937d-1cc91b24f6e3
273.0,Dimitrios Konstantopoulos,,,,,0f122803-7500-4cf3-8d7e-147763555ed7
274.0,Víctor Valdés,,,,,8911596f-56cb-4469-a1f6-521e034016f6
275.0,Daniel Ayala,,,,,a3f82582-9919-4dc4-a515-b8ce7bad1f3e
276.0,George Friend,,,,,6b755020-8210-4dcc-a5df-8126495d6ed9
277.0,Dael Fry,,,,,d724ae8f-e454-43ef-a050-63ddfc51e861
278.0,Ben Gibson,,491.0,89.0,89.0,82525820-333d-47c8-8c47-297ea758f8f5
279.0,Emilio Nsue Lopez,,,,,8971116f-3a06-4dcf-abe3-b9cb773c1206
280.0,Bernardo Espinosa Zúñiga,,,,,045ac0e0-01a6-4d82-84d3-128c678cce68
281.0,Albert Adomah,,,,,db6f560e-3032-4fb7-b967-2de51a7b5d9a
282.0,Stewart Downing,,,,,04a3e434-d0a4-44ba-a63f-722588652ab7
283.0,Adam Clayton,,,,,5c227134-fbf9-4877-85ba-4199cc9a5f11
284.0,Grant Leadbitter,,,,,34c9f3c9-17a8-441c-9c27-2805baa2f9de
285.0,Adam Reach,,,,,87376643-8cd3-4743-b5ed-354573e8daea
286.0,Adam Forshaw,,,,,488ee71e-77ef-4922-a334-7366c9409e80
287.0,Carlos De Pena,,,,,877f8b3e-4fcb-47ea-97ce-aa23b3109fbb
288.0,Julien de Sart,,,,,64054ec1-f9ba-4d79-930e-4a19df8d9143
289.0,Viktor Fischer,,,,,fd6303a8-4e56-4927-80a2-5c3334df80b6
290.0,Marten de Roon,,,,,3d8d12a7-a25d-458b-9d40-10c3958002cf
291.0,David Nugent,,,,,8f8609ce-c0da-4000-8f6e-b737de1f3de9
292.0,Jordan Rhodes,,,,,a63a9b41-76b5-4692-9ff8-54de565cc701
293.0,Cristhian Stuani,,,,,9fdfa1e5-2c54-4e44-b26e-ec97686dcd0e
294.0,Fraser Forster,306.0,329.0,317.0,317.0,af454876-e976-4135-9d0f-25ef0f9be7c5
295.0,Paulo Gazzaniga,565.0,536.0,341.0,341.0,0c335a39-7143-43b1-ab80-3e80814a3087
296.0,Ryan Bertrand,307.0,330.0,305.0,305.0,79dbd499-f813-42e2-b967-33ab54454747
297.0,Jose Fonte,440.0,,,,6767b1db-aa0a-49cb-8df7-4cc21aec3483
298.0,Maya Yoshida,308.0,331.0,310.0,310.0,19f1a6b8-4658-49f7-a8be-a77bd0d01ce1
299.0,Matt Targett,309.0,479.0,309.0,309.0,77e5c1e6-903f-49bf-8e1a-d53d4f8e55c4
300.0,Florin Gardos,,,,,28d0ec9d-54bc-4872-8901-ac8e955ba91b
301.0,Cédric Soares,310.0,332.0,,486.0,b5b751ab-0346-445c-8dca-63de51ad3ea6
302.0,Cuco Martina,464.0,163.0,,,9f085f7a-e91f-4a65-9ef3-7904ee766b4e
303.0,Virgil van Dijk,311.0,246.0,183.0,183.0,e0882a5c-44a8-4a41-a2b3-d52c8b6d313f
304.0,Nathan Redmond,324.0,343.0,320.0,320.0,9cc681b0-17fc-4c2c-a8c5-459bfffc11da
305.0,Steven Davis,316.0,337.0,,,47033896-dd2b-40b8-977e-869c2bc97607
306.0,James Ward-Prowse,317.0,338.0,321.0,321.0,b895bf1b-f5b2-450f-b90c-a1c40e147fe4
307.0,Harrison Reed,,,,,f60cb268-dd72-431b-80e0-7309df591c8c
308.0,Dusan Tadic,318.0,,,,1038a2ff-8f0b-422f-8464-cc9247ae9aaf
309.0,Jordy Clasie,319.0,,,,31feedf4-db74-4971-967c-afb8a9c073e3
310.0,Oriol Romeu Vidal,320.0,339.0,328.0,328.0,cbf146e2-cff1-43f4-8d6d-cefe8aa0b458
311.0,Jay Rodriguez,437.0,,,451.0,3446f883-edd9-43e9-b5fa-096367e918a4
312.0,Pierre-Emile Højbjerg,321.0,340.0,325.0,325.0,567cb39c-ad25-4564-b7a9-f7bad4e720da
313.0,Shane Long,325.0,347.0,315.0,315.0,ab49e225-4832-45fb-a84f-0c63cef5e81a
314.0,Charlie Austin,326.0,348.0,312.0,312.0,50106b5e-5670-4b16-a89e-eca910cbd87f
315.0,Shay Given,,,,,abc414cd-91d6-41d2-b551-77d447c7ccbb
316.0,Jack Butland,328.0,,,,f75725ed-6fec-41bb-994f-bb321fd0a829
317.0,Jakob Haugaard,569.0,,,,c753c929-cc57-4314-91ef-79bc4b919a98
318.0,Ryan Shawcross,330.0,,,,bbf63aca-0de9-451b-aa6a-a3d902ab8d46
319.0,Marc Wilson,,,,,d1174e78-a595-482a-86dd-45494edde8fe
320.0,Geoff Cameron,331.0,,,,b53ef87f-889f-4c50-97f7-f4261b60b7bd
321.0,Erik Pieters,332.0,,,447.0,53ac2d1c-d5c2-497c-9777-d2a8e66b4de8
322.0,Marc Muniesa,333.0,,,,9966da95-94b3-45e2-a40e-5836410a48b0
323.0,Phil Bardsley,334.0,75.0,86.0,86.0,57622397-1d95-46de-87b5-6ead4badce42
324.0,Philipp Wollscheid,,,,,d2c992b1-f562-4b7f-a295-c858079ae932
325.0,Glen Johnson,335.0,,,,80b7204c-3a05-4f46-9ad6-6c7d617b6355
326.0,Dionatan do Nascimento Teixeira,,,,,6094f994-635f-49c6-a363-14fbdd316a87
327.0,Stephen Ireland,590.0,,,,3056d725-58f0-4ee7-a65b-9d10f84d55d2
328.0,Charlie Adam,338.0,,,,8d32a101-4029-45de-a6bb-e480c47dfe86
329.0,Glenn Whelan,339.0,,,,2f9101d4-71f2-4eef-898c-fe90cf9e61c7
330.0,Jonathan Walters,89.0,81.0,,,08d4d89f-355a-45fe-9c28-c34fc48a88ae
331.0,Marko Arnautovic,340.0,417.0,385.0,385.0,3b8daa19-4e11-430c-8b61-cec529b15997
332.0,Ibrahim Afellay,341.0,,,,771539c8-fcb7-4f41-bf26-dbe36d3031cd
333.0,Xherdan Shaqiri,342.0,462.0,194.0,194.0,3be9804c-d3c0-41eb-97a5-47985a46c528
334.0,Giannelli Imbula,343.0,,,,d75de3d1-9b58-42db-b60d-790a0fc88089
335.0,Bojan Krkic,,,,,73363cf8-c8f1-4352-9a07-0358c25e4c66
336.0,Peter Crouch,347.0,590.0,,,29d0a13a-7db7-4248-92ab-ee5bf871466f
337.0,Mame Biram Diouf,348.0,,,,8c0ee75c-6335-4511-ab96-0acf4a3ff753
338.0,Jose Luis Mato Sanmartín,488.0,327.0,261.0,261.0,8c15db1e-93fb-4444-881c-8ef08713846a
339.0,Vito Mannone,,,,,4b9016e6-7558-4fc7-919f-120b456a3525
340.0,Jordan Pickford,135.0,154.0,148.0,148.0,3cf516eb-74c4-4bc6-8b14-2a8fa75e9fba
341.0,Younes Kaboul,398.0,375.0,,,759f72a7-0797-4d1e-aa56-be4f6c608b2e
342.0,John O'Shea,,,,,28b78921-4260-45dd-b9fa-0a03207fa63d
343.0,Billy Jones,,,,,98055c1f-13d2-482c-9788-c09c0723c3a8
344.0,Patrick van Aanholt,124.0,142.0,123.0,123.0,6334dcd5-8509-4c76-ba70-52f27213db20
345.0,Adam Matthews,,,,,dea9fc97-6868-454f-8145-6ffec232ff92
346.0,Lamine Koné,,,,,4de71190-6e6c-4057-aac8-dba672c4c45d
347.0,Jan Kirchhoff,,,,,15a25a6c-b3d3-430a-931e-6965d0aa2179
348.0,Lee Cattermole,,,,,a53d3a57-b4c3-4616-9be0-e3829a50c615
349.0,Sebastian Larsson,,,,,3af68af0-7ea9-450d-807b-e24a7e112ab6
350.0,Jack Rodwell,,,,,7a288840-8ace-438c-9076-5f37f01dc6f8
351.0,Jeremain Lens,,,,,c68221c9-22bd-49a7-8e09-7d275247fb34
352.0,Wahbi Khazri,,,,,a559a274-a88c-4580-b015-3ab6fe5baa75
353.0,Duncan Watmore,,,,,ebac2dff-c03a-4113-8b5c-ac668ba63000
354.0,Fabio Borini,,,,,ee247ecf-08c3-4336-b77c-05f067763966
355.0,Jermain Defoe,52.0,46.0,,,85680f4f-82eb-475d-bffd-ceb8aca670cc
356.0,Lukasz Fabianski,350.0,400.0,388.0,388.0,8cedeaa9-d12e-4934-9951-113107ab2d7e
357.0,Kristoffer Nordfeldt,351.0,,,,e921b139-c31a-457a-a8a5-fda9fa008286
358.0,Kyle Naughton,352.0,,,,24050b3b-d600-4931-b0a4-54f17d58cdf9
359.0,Ashley Williams,143.0,159.0,,,056b079d-cdce-4d97-a9ea-a48860987375
360.0,Neil Taylor,,,24.0,24.0,ed7632cf-0281-430f-8688-005df55ee5da
361.0,Angel Rangel,353.0,,,,1fb5afc4-4364-4456-ace9-b92547cde806
362.0,Jordi Amat,,,,,5f74e968-a21b-49b7-99e4-c0d8e93b1974
363.0,Federico Fernández,354.0,516.0,254.0,254.0,7f463765-3dee-44f9-aa5e-4c7875db5a69
364.0,Franck Tabanou,,,,,f5773432-fa45-4334-aa01-e7029dd9150c
365.0,Stephen Kingsley,355.0,,,,e2a8f89a-3861-40e9-b6d7-7d6044868ddb
366.0,Mike van der Hoorn,356.0,,,,faae94cd-acb6-450c-9869-5e6d19e1c839
367.0,Jack Cork,90.0,82.0,102.0,102.0,ae01e58e-3f92-4458-9866-b3d0410dc26e
368.0,Gylfi Sigurdsson,359.0,172.0,151.0,151.0,2fe1923d-8137-4c85-98cb-f254a1596c26
369.0,Wayne Routledge,360.0,,,,2a7f72ed-63f8-4116-8237-7d3556de6b6b
370.0,Leon Britton,361.0,,,,f9c9a3ed-a6b0-49e5-9579-aa3254b8938c
371.0,Jay Fulton,362.0,,,,bae5b9a7-adff-4888-8578-addb8675d510
372.0,Sung-yueng Ki,363.0,324.0,268.0,268.0,c7ebe0a0-1bbb-4927-a6cb-0a9c090cde34
373.0,Jefferson Montero,364.0,,,,2677ba18-6116-44de-ac43-61242786a59b
374.0,André Ayew,449.0,,,,dc929893-cfcb-4f72-99b0-2ee2df70c7ff
375.0,Leroy Fer,365.0,,,,97feaeb7-ee0e-44e0-854c-b07b9fcbf6ed
376.0,Nathan Dyer,366.0,,,,1b038767-c7bf-4bcc-b9b2-2e4027ef68c1
377.0,Bafétimbi Gomis,,,,,9f72b0b4-fed5-4fbe-b8fd-5b4c44e15c9c
378.0,Marvin Emnes,,,,,aab37266-9ba3-42ce-ad27-e35860f9f9ec
379.0,Modou Barrow,368.0,,,,112f8b41-7824-4386-a25f-a3174abb44a5
380.0,Hugo Lloris,375.0,351.0,340.0,340.0,7aa43f23-7bf2-4c75-ba6f-ec1436c8898a
381.0,Michel Vorm,376.0,352.0,,,a53fe725-eb47-424e-be4b-e0eed3ae66fd
382.0,Toby Alderweireld,377.0,353.0,331.0,331.0,52753467-29f4-445a-9fc8-42d9e187ce83
383.0,Danny Rose,378.0,354.0,332.0,332.0,79acc361-9671-44d9-817e-dc8be63df540
384.0,Kyle Walker,379.0,265.0,203.0,203.0,208dbb0f-e9ac-4fd2-a20b-cec549b40732
385.0,Jan Vertonghen,380.0,355.0,330.0,330.0,213bc7f1-110e-44aa-9b96-80e3297590d9
386.0,Ben Davies,381.0,356.0,329.0,329.0,fcf2914c-e305-4d37-bf22-617c165391c9
387.0,Kieran Trippier,382.0,357.0,334.0,334.0,4cab5164-c70f-4f7e-ab3e-6022ce391725
388.0,Kevin Wimmer,383.0,,,,10efc511-60dd-4c31-9d31-a1437b2872ae
389.0,DeAndre Yedlin,288.0,310.0,253.0,253.0,fdf03c31-545a-4a59-b6da-72f744d31953
390.0,Eric Dier,384.0,361.0,350.0,350.0,4af5ad52-98ba-474d-a158-1325bc05aa31
391.0,Mousa Dembélé,385.0,362.0,,,4db99542-ebb1-494a-b078-690fd7b2c2a0
392.0,Nacer Chadli,427.0,,,,b7eea518-19f8-45c1-89a9-59533f63f348
393.0,Erik Lamela,386.0,363.0,346.0,346.0,01b73242-b012-4b66-8f85-4fb4b2faf624
394.0,Christian Eriksen,387.0,364.0,343.0,343.0,385e6d0e-1c30-42ec-a9ac-553d6a2138b6
395.0,Nabil Bentaleb,,,,,dec66171-b7f9-4315-87a7-c5190e3f0ff3
396.0,Ryan Mason,,,,,9396b121-78b3-4375-89fa-6324dd91ef45
397.0,Tom Carroll,367.0,,,,5d127047-c4f8-4917-9f4f-84e8bb564206
398.0,Bamidele Alli,388.0,365.0,344.0,344.0,0852be45-9f38-4d76-aa6d-8d5e51e80b53
399.0,Joshua Onomah,,,,,98735b75-b629-4f83-98c9-e0ea58ea7387
400.0,Victor Wanyama,389.0,366.0,348.0,348.0,85a03c8d-1bad-4f49-9fba-26ee5e2322bb
401.0,Alex Pritchard,593.0,206.0,,,9180e18b-7637-46b0-83b9-c539dcf3573b
402.0,Heung-Min Son,390.0,367.0,342.0,342.0,4affeaef-4e8c-4392-aa19-43748df7e0ba
403.0,Harry Kane,394.0,372.0,338.0,338.0,f8e56823-dcee-4591-928a-045292c22380
404.0,Clinton N'Jie,,,,,9334d1c7-cd5b-4472-b534-cce2d6e4b08e
405.0,Vincent Janssen,395.0,614.0,339.0,339.0,78b7d28d-d275-49ed-9bad-c005dee2df8d
406.0,Costel Pantilimon,396.0,,,,a24311bb-fe6b-4e2b-ad82-7e32b47a93cb
407.0,Heurelho Gomes,397.0,373.0,,,68d49def-5f66-4076-b71c-9f247df93570
408.0,Craig Cathcart,399.0,376.0,358.0,358.0,9292ba03-7edc-407b-a54e-2472e1041144
409.0,Sebastian Prödl,400.0,377.0,361.0,361.0,9dcc698a-37a7-4e17-9bf3-6b3446ddab14
410.0,Juan Carlos Paredes,,,,,f9378225-9aa7-445e-aa37-747e22084c22
411.0,José Holebas,401.0,378.0,353.0,353.0,627d0aaa-f28b-47a3-980c-25c7e4c7afd0
412.0,Allan-Roméo Nyom,422.0,,,,5679d5ff-2eaf-4b84-bfc6-0bd105ccda38
413.0,Miguel Britos,402.0,379.0,,,f82bb38a-37d2-424e-af6c-113ca6043742
414.0,Christian Kabasele,403.0,380.0,354.0,354.0,29cb43f9-b51b-4bf4-8649-2939c66a96db
415.0,Adlène Guédioura,,,,,1e7be533-1d6b-4a31-8217-2b3d5dd7089d
416.0,Etienne Capoue,409.0,389.0,373.0,373.0,9bc36df0-65f7-487b-81d7-37f6a5e58d8b
417.0,Almen Abdi,,,,,fb29704e-fcc1-4f63-afc5-467f3980fdaa
418.0,Ben Watson,486.0,,,,1b77c50a-8627-4186-9025-19f0c30c8e36
419.0,Ikechi Anya,,,,,b66342b8-b0a4-42ac-b016-57df2508333b
420.0,Valon Behrami,410.0,,,,78694418-31c1-4cb0-a421-6a32fdfba6c9
421.0,Steven Berghuis,411.0,,,,e3700d23-2b7a-4d8d-9c74-2220a11f49e4
422.0,Nordin Amrabat,412.0,,,,a7a6cbb6-488e-4a17-af07-c5db51a33f31
423.0,Mario Suárez,,,,,5a00b63c-9095-4768-87fa-84ddb785a758
424.0,Isaac Success,413.0,,,,1c800f68-cf32-4ac6-bdcf-78b53305626a
425.0,Troy Deeney,417.0,396.0,362.0,362.0,cd1f69bf-99fa-43b1-98a4-6ec9a81cdac9
426.0,Odion Ighalo,,,,,698d7386-e88b-4fc7-abef-11004ecd43c8
427.0,Mamadou Obbi Oularé,,,,,27047daa-946d-48c1-bf20-0a52d12f8813
428.0,Jerome Sinclair,499.0,398.0,,,dff69aa6-16ab-41b7-803e-41b7f233d94a
429.0,Boaz Myhill,420.0,,,,83d09e30-9a6e-4f6c-af29-fd013a1a85e9
430.0,Ben Foster,421.0,445.0,366.0,366.0,4c1a6bd6-93aa-4661-8ee7-03b6833f22e0
431.0,Jonny Evans,423.0,222.0,162.0,162.0,5449567f-dbbe-48c5-94bc-77a81c4ec720
432.0,Jonas Olsson,,,,,02383e94-1e1c-4437-965b-eccc6c342f9f
433.0,Craig Dawson,424.0,,,439.0,fd804358-d520-47ea-bc32-015d4c501cc8
434.0,Sébastien Pocognoli,,,,,720e839e-44e3-4da1-80cf-6c3feda35ff9
435.0,Cristian Gamboa,,,,,5e620d57-8db2-4036-82bc-51b86ac2614d
436.0,Gareth McAuley,425.0,,,,d18b0887-31e1-412e-8639-c77eee028003
437.0,James Chester,,,23.0,23.0,6e8f723a-5f88-49d7-b78a-4fc3258f2e9b
438.0,Chris Brunt,434.0,,,,3a0c1fbd-bd77-47c8-ab14-498d3eb827a9
439.0,Darren Fletcher,346.0,,,,2878eeaf-e172-48f3-9c61-0acf46b43815
440.0,Craig Gardner,,,,,a9cd4e93-9cfc-4b19-a83b-5167d689f8a4
441.0,James Morrison,428.0,,,,2564ea1e-cb26-4e3b-9991-6541d602c4d8
442.0,Claudio Yacob,429.0,,,,1cdab602-2d27-406d-b34f-8673596c4e5f
443.0,Callum McManaman,,,,,908a45a6-30fa-4c16-bef9-5ec5669a9fde
444.0,James McClean,430.0,,,,4b57d12c-0148-4364-a0a3-2ffbe19942af
445.0,Jonathan Leko,431.0,,,,ba4b2a82-0053-43fc-b377-deb6db7fb533
446.0,Matt Phillips,432.0,,,,b213313b-48cf-4b15-baae-d6b2b7c2541b
447.0,Rickie Lambert,,,,,bf558655-70ba-4328-be33-04a03ec58d3c
448.0,Saido Berahino,349.0,,,,6bf1894c-e344-4be9-b136-7ee0bcc08907
449.0,Salomón Rondón,435.0,493.0,,,38f91c2c-0c0c-4b4a-90e9-002af483e89d
450.0,Adrián San Miguel del Castillo,438.0,399.0,,,8e263176-3bb0-42d6-87e9-b7de0d62f218
451.0,Darren Randolph,439.0,,,,f406cd89-4ca5-418a-b842-adee3a694004
452.0,James Collins,441.0,,,,cc1818ea-897c-4a4d-bb36-466b4e053545
453.0,Winston Reid,442.0,401.0,383.0,383.0,de903e08-291f-49e5-99ba-9a589dc87af7
454.0,Aaron Cresswell,443.0,402.0,376.0,376.0,d7800c8d-84a2-4faf-a55c-22158826c7bb
455.0,Reece Oxford,611.0,407.0,,,dda0f13a-0b11-4440-bfb3-fcfd0926ffd7
456.0,Angelo Ogbonna,444.0,403.0,377.0,377.0,8fb2d129-d61f-409f-a3d1-b79780a287c9
457.0,Sam Byram,445.0,404.0,,454.0,72e19d5c-b6a3-4d26-8adc-4d5db4acfea1
458.0,Mark Noble,450.0,411.0,396.0,396.0,4f3e17cf-3818-4c06-88cc-69ec8e75ca11
459.0,Cheikhou Kouyaté,451.0,412.0,139.0,139.0,87a829c3-91dc-4d7c-a58e-62e569021c9f
460.0,Pedro Obiang,452.0,413.0,400.0,400.0,e193d9f8-3d25-48f3-a0ee-8d208a89621f
461.0,Dimitri Payet,,,,,1c236b38-ff1b-480c-8742-b025d9c72829
462.0,Manuel Lanzini,453.0,414.0,391.0,391.0,74f9698b-f3b3-491b-bc35-df6bb614917f
463.0,Josh Cullen,597.0,,,,4e089b89-29d6-4489-b2cc-ce2646748e7a
464.0,Michail Antonio,454.0,415.0,389.0,389.0,2b343e7a-a56f-4f83-83d4-fb3a415e4e56
465.0,Håvard Nordtveit,,593.0,,,e6ba43fd-2953-4dbd-ab91-2051ce7d77bc
466.0,Sofiane Feghouli,455.0,,,,7c19b2ee-e9f2-47fb-884e-bd4d51e55bb9
467.0,Gökhan Töre,,,,,e70e55d9-af1b-442e-89cd-1575a1159021
468.0,Andy Carroll,457.0,418.0,,520.0,6b4cb042-396a-4b18-bebb-1a71fef71450
469.0,Enner Valencia,460.0,,,,a3329021-68c0-4669-9b47-45db7045d636
470.0,Diafra Sakho,458.0,,,,666a708b-5580-4b60-b124-0550c8427f24
471.0,Nick Pope,469.0,68.0,93.0,93.0,89c1b7ea-07fc-46a6-babf-408d6031fa1c
472.0,Paul Robinson,75.0,,,,c767386f-67ec-4440-ba72-6ff15cd389db
473.0,Johann Berg Gudmundsson,84.0,76.0,96.0,96.0,bd359704-7112-4e7f-8191-57150a098bda
474.0,Ragnar Klavan,220.0,244.0,,,52305785-084d-44b9-83d8-8900a0b9e4f1
475.0,Marko Grujic,231.0,,,,7ad1740e-6d24-4820-b0fd-cea9e2ccbc0f
476.0,Jason Denayer,,,,,9dfb4243-517c-41d8-bff7-1f69f4e66279
477.0,Antonio Barragán,,,,,41ec29db-8d5e-4c6d-ba5b-b87e3902512b
478.0,Álvaro Negredo,,,,,44b94fe9-6d3d-4e13-b091-4f88558ffefb
479.0,Juan Zuñiga,,,,,26a4d782-975d-4755-a4b3-b9c90a7e3526
480.0,Tommie Hoban,,,,,03377b72-8acc-4fd8-b6dd-1357a891af63
481.0,Brice Dja Djédjé,,,,,eb779275-4b10-4c9d-817e-65be236c3032
482.0,Abdoulaye Doucouré,414.0,390.0,368.0,368.0,ec03ceb7-0ca9-4a50-831a-3cf7f245a9dc
483.0,Matej Vydra,,495.0,92.0,92.0,ded6aed7-3245-4c54-aa10-905e8b8bec60
484.0,Rob Holding,11.0,6.0,10.0,10.0,331d690c-36f8-4384-9788-f579f7b09fd0
485.0,Georginio Wijnaldum,232.0,252.0,199.0,199.0,2a3e50a6-3e27-46f9-a4a6-045bbaa35664
486.0,Ramadan Sobhi,345.0,207.0,,,532ff6e2-3680-45fa-9510-92092e53a1dc
487.0,Ola Aina,,,,,4710a488-a287-47fc-ba34-17f9343ef7de
488.0,Idrissa Gueye,155.0,168.0,156.0,156.0,f0002434-644f-484f-b927-33f1ed64a6a1
489.0,Leroy Sané,255.0,275.0,216.0,216.0,0f6cc784-234a-4130-ba05-9daf53fec2e7
490.0,Bradley Guzan,,,,,60051375-c90d-45ec-b2d8-570a487c8e3c
491.0,Gastón Ramírez,,,,,8e7a00bc-0553-4633-b597-18065fa026b0
492.0,Jérémy Pied,312.0,,,,44e0b21e-a78e-41f8-882e-293c66716fa2
493.0,Chuba Akpom,,,,,1f3fb876-49f8-4e6c-8bd8-656cd0432f6b
494.0,Sullay Kaikai,515.0,477.0,,,d3ebcf11-e635-4bae-bb1d-5cad17918da9
495.0,Mason Holgate,144.0,160.0,,478.0,e3fcfebf-394d-4717-9749-f087b06dfeb4
496.0,Benjamin Chilwell,196.0,219.0,161.0,161.0,436eec71-dce4-46b0-b521-c96650ddc841
497.0,Bartosz Kapustka,,,,,3d0ec635-6046-4f97-bdc1-d22841f36ba5
498.0,Jose Angel Esmoris Tasende,,,,,c8db4128-5b91-4d7e-a9fa-3d2190cbfb58
499.0,Papy Djilobodji,,,,,597f6601-0199-487c-a40a-c37bb3b1132f
500.0,Fernando Llorente,371.0,371.0,,,a7152c2e-cdf0-4535-9d53-02a409f06a01
501.0,Cameron Carter-Vickers,511.0,,,,f8da6da6-72c0-4ee4-97c2-e73964fe237a
502.0,Daniel Lafferty,,,,,92c39ede-6684-482e-a37b-bfccd24e75e6
503.0,Paul Pogba,282.0,302.0,238.0,238.0,eb7a183b-547a-4539-9530-fbe1193e3824
504.0,Jack Stephens,313.0,333.0,308.0,308.0,4bbfc185-280b-4ccb-aa11-3aedd9a598d2
505.0,Arthur Masuaku,446.0,410.0,378.0,378.0,3fb1cc66-4545-49cb-b96f-1eb8d1fee9f6
506.0,Donald Love,,,,,ddd07b3c-8249-4c59-97ea-3b437849b5a2
507.0,Borja Bastón,,,,,82aebd37-134b-46bb-87c7-88a0113388cc
508.0,Olayinka Fredrick Oladotun Ladapo,505.0,,,,3c2bb9ae-af72-42f5-8626-c83317ae8e92
509.0,Keshi Anderson,528.0,,,,34644a28-dbb3-4b0b-8746-c1d3e7a16ccc
510.0,Kane Wilson,508.0,,,,b7b68ab6-bd14-4ba6-940c-9735c1278721
511.0,Sam Field,433.0,,,,55120f20-c64c-40fe-ab30-da3125df2e41
512.0,Tom Davies,156.0,169.0,154.0,154.0,62be83d6-6bee-4714-b060-e7b9d61875ce
513.0,Harry Winks,391.0,368.0,347.0,347.0,3492acc0-b401-4fb9-a37c-1673a2d8e295
514.0,Greg Olley,,,,,211b28ca-1066-46a6-bc0d-84e0174db7e6
515.0,Josh Clackstone,,,,,85388017-4a97-417d-b89b-2aeeb723623a
516.0,Jarrod Bowen,,,,,b1555104-4b77-433a-9738-06e796e13730
517.0,Dusan Kuciak,,,,,995a2746-8740-45da-94ad-964b08bb254b
518.0,Greg Luer,,,,,f42415b2-3e51-4638-8d94-0c1eb2405c85
519.0,Josh Tymon,336.0,,,,8b26e9e6-04e8-4554-a28e-61bcf0660733
520.0,Lynden Gooch,,,,,acecf3de-c11f-4475-b0e4-e06572a4754b
521.0,Joel Asoro,,,,,fbfc0e6a-e7fc-4997-ada1-702b1aac1116
522.0,Alex Baptiste,,,,,09c68226-34dc-4f1b-b25d-d465e2bb8dac
523.0,Trent Alexander-Arnold,223.0,245.0,182.0,182.0,34b0bf50-212f-4ba5-bccc-b311df116143
524.0,Alexander Manninger,,,,,1d08ed87-bed8-436f-a125-193eaa2af00f
525.0,Steven Defour,85.0,77.0,99.0,99.0,e45a22c6-e864-4fa2-9999-6e8ce2d3d428
526.0,Jonathan Calleri,,,,,ad12f7a1-2c11-4e14-84b2-49caf79897ac
527.0,Fabio Pereira da Silva,,,,,7e391a97-0892-4e1b-bd17-2a73344c9dda
528.0,Pablo Maffeo,,,,,984549f7-ee51-4bb7-8f1b-66e616237a8e
529.0,Luke McGee,,,,,893c2640-c64a-4164-835f-81a6ae2bc97a
530.0,Nathaniel Chalobah,112.0,387.0,374.0,374.0,31da28f2-80c7-4740-a91d-075de7aeb251
531.0,Aiden O'Neill,623.0,,,,11e26719-e004-4b23-91ac-073dc780584d
532.0,Josh Robson,,,,,435b57f5-44e5-4179-af6f-ec8edb42592c
533.0,Steven Pienaar,,,,,cbccd6cf-b673-44d8-9fb4-93a8f2f47907
534.0,Reece Burke,596.0,,,,27ecd87f-0f44-42af-9cca-62fd3a8bd69e
535.0,Ashley Fletcher,459.0,,,,2381a6c7-966e-4ab8-920f-97af8b52048b
536.0,Ryan Fraser,47.0,40.0,75.0,75.0,89ac3c6e-55c1-44bf-a4fd-f460aa6a9ea2
537.0,Thomas Robson,,,,,a9685118-c41a-44bd-a8fe-06262620d552
538.0,Javier Manquillo,477.0,315.0,256.0,256.0,507c5bad-bebd-4078-842b-e9e36739ca58
539.0,Roberto Pereyra,415.0,391.0,369.0,369.0,d55fd6aa-0575-411c-8f54-6142c68cac14
540.0,Daryl Janmaat,404.0,381.0,359.0,359.0,8e6247a9-2154-4a8d-8c9e-1be0b01c3c76
541.0,Claudio Bravo,241.0,261.0,213.0,213.0,43532c24-a2e5-4275-893b-aa11f266b802
542.0,Edimilson Fernandes,456.0,416.0,,,dcc082d2-1157-4e46-9587-227d828d44d2
543.0,Hiram Boateng,,,,,0051e232-64af-442b-aefc-ac5be7885f27
544.0,Julien Ngoy,562.0,,,,65fccd7e-2fed-49db-b9fb-70902735fb03
545.0,Ben Hinchcliffe,,,,,a1ff6623-8c3b-45d4-a012-5079c2441a99
546.0,Oliver McBurnie,372.0,,,501.0,cc795bb4-6ed0-41fa-8b7a-bdc84a37cd12
547.0,Maksymilian Stryjek,,,,,b5f49183-a5a7-46d2-b743-a1f68ff6e535
548.0,Jack Rose,,,,,dbc4c12b-027c-4f47-88f2-c2474e4c7876
549.0,Lucas Pérez,27.0,502.0,,,a8e0e0ee-bdc4-429c-b32b-0d8d46bca779
550.0,Simone Zaza,,,,,9e754b21-bbd8-4761-b919-98455eb51945
551.0,Sofiane Boufal,322.0,341.0,,508.0,53bc1e32-0c3c-46ff-9a56-b0763eb1f333
552.0,Stefano Okaka,418.0,397.0,,,86423404-6d56-4ff3-bbad-072ab776f9cb
553.0,Patrick Bamford,,,,,2255f3f9-1bae-48c8-9d64-4dbb798a7965
554.0,David Marshall,,,,,76033c9a-6ebb-4e31-8b46-33598472393a
555.0,Shkodran Mustafi,12.0,7.0,1.0,1.0,3f8e4c10-3b28-4128-b9e3-ea9ab858b194
556.0,Adrian Mariappa,405.0,382.0,356.0,356.0,969df619-57b9-432b-a1db-0a036ecda198
557.0,Will Keane,,,,,243948d3-8cf1-4036-8a06-b1f13add2b84
558.0,Alfie Mawson,357.0,487.0,,,5bf3fea0-9883-43b0-848c-1fd098122c12
559.0,Didier Ndong,618.0,,,,775beaa6-ebb0-48a1-8eb1-066ff73806f2
560.0,Jeff Hendrick,86.0,78.0,100.0,100.0,adf01dcc-f7db-4fad-b3d4-3568a62f28ff
561.0,Marcos Alonso,100.0,115.0,103.0,103.0,b7220711-388d-4e5d-8748-e5b5956d8f56
562.0,Bruno Martins Indi,513.0,,,,1894b3f2-37b6-408f-8e09-81a43f48360b
563.0,Adama Traoré,,500.0,417.0,417.0,cbda4cc0-21f7-49c2-9b33-fa7bb0ccea9b
564.0,Pau López Sabata,,,,,c14d6929-ccdf-4ce2-8d47-b65bd414409d
565.0,Georges-Kévin Nkoudou,392.0,497.0,,,8febaa88-775a-4ea5-b6ec-0b84a82b7292
566.0,James Weir,,,,,4433bea9-7501-4195-9114-e8a83e5ef277
567.0,Islam Slimani,212.0,,,,b1cc7df4-401d-4e64-aabe-00ae617c89f3
568.0,Álvaro Arbeloa,,,,,7e309271-80e9-40b4-8684-023ffd153b77
569.0,Dieumerci Mbokani,,,,,514baf81-d2cb-433b-a102-417e70e18490
570.0,David Luiz Moreira Marinho,101.0,116.0,106.0,106.0,024dbee7-d46a-409c-8031-d477ccc2b1ad
571.0,Hal Robson-Kanu,436.0,,,,3f47e186-e18a-48f4-ad28-7ae88a390946
572.0,Moussa Sissoko,393.0,369.0,349.0,349.0,00715453-f81a-4fee-ad4a-ec8b1ad81085
573.0,Markus Henriksen,,,,,72e74ea5-a09f-41a5-a444-eb3eace7597f
574.0,Lee Grant,329.0,520.0,237.0,237.0,ac74e369-0116-4bd2-b5a6-1fab92e50372
575.0,Victor Anichebe,,,,,4785b077-c0e0-433e-8c75-322272014a81
576.0,Mathieu Flamini,,,,,98a89fd9-104f-4155-9710-8860b538977c
577.0,Michael Simões Domingues,,,,,63009d09-e0e9-4a27-b049-56c1f16ef101
578.0,Aleix García Serrano,,,,,2e57bda9-1a9d-4772-9dea-1393b2a73ef0
579.0,Jonathan Benteke,,,,,23351383-f51e-4fb6-9e6b-d7aaf6b17b07
580.0,Ezekiel Fryers,,,,,878c229c-c519-4f3a-9f78-4183d8f22767
581.0,Luke Dreher,,618.0,140.0,140.0,ff49562e-fc19-480e-8089-10044c4c1f23
582.0,Oviemuno Ejaria,,,,,77d01cdf-f5ed-482d-860b-d04371df804a
583.0,Ben Hamer,190.0,190.0,,,dc5fa68e-ed5c-41a9-89f9-2be231215c8a
584.0,Lloyd Isgrove,,,,,aa0c466a-8b99-4616-8992-cb07255fe534
585.0,Ben Wynter,,,,,4d413588-d21b-4c18-aa3b-546aa3c57bc3
586.0,Jake Hesketh,,,,,3ffb93e6-b0e5-4d1e-800c-7a9f666257df
587.0,George Honeyman,,,,,2849c155-1293-469c-b35c-0d43d8bef0b1
588.0,Jeff Reine-Adelaide,,,,,81cdd355-a414-44e2-be29-231402aa741c
589.0,Olufela Olomola,,,,,3f8f0aa5-41d9-4c81-8faa-8fae6e1e02b0
590.0,Dominic Solanke,239.0,259.0,69.0,69.0,0c684dc0-dc95-43d0-8988-7013c18b47e6
591.0,Raphael Spiegel,,,,,d7eac63e-cdec-4f6c-bd0e-c28cd20514da
592.0,Sam McQueen,314.0,334.0,,,f977fedd-549d-44d5-8365-30570d8e743e
593.0,Ainsley Maitland-Niles,546.0,20.0,4.0,4.0,4f55067c-7bfb-4cab-93cf-67133adeebb2
594.0,Kevin Long,80.0,73.0,88.0,88.0,51896c0b-4f24-4d2e-8bbb-9cb289bad87b
595.0,Dominic Calvert-Lewin,159.0,175.0,147.0,147.0,9f3d6a6f-9845-4fc4-b0b5-a1116c3fa99b
596.0,Mateusz Hewelt,,,,,21e5bf41-4f93-458d-83cc-274ab1761bc8
597.0,Stuart Taylor,506.0,,,,e495f1d0-6104-4026-bebe-4678eee1d21f
598.0,Daniel James,,,243.0,243.0,d63ee407-b06d-41d0-a5eb-a176a7f5100d
599.0,Thibaud Verlinden,,,,,0ab9b9be-255e-45eb-9f5f-2a777495e527
600.0,Ryan Allsop,,,,,25b086a5-1a57-4dec-a973-13d0b7c39b2b
601.0,Alex Palmer,557.0,,,,79fe66d4-48a3-4a8f-a924-c621847f5224
602.0,Matthew James,,,,,1bb8719a-16b8-4fda-8de9-1f39f7028861
603.0,Ben Woodburn,233.0,,,,8b38fbdb-f255-4d28-9c49-31ad48e1745b
604.0,Joshua Sims,323.0,342.0,,,d4a52f2a-ad46-4b63-9683-23684810ef13
605.0,Andrew Eleftheriou,,,,,dfae7ca9-caae-4448-b6f1-498cd1602c98
606.0,Michael Phillips,,,,,55c35c0e-4091-4d26-ab08-79e37d829ae3
607.0,Oluwatosin Adarabioyo,586.0,,,,f8cae2ba-fcf5-44f3-8a44-34f42bff03f4
608.0,Alex Pike,,,,,d2d8e46c-3775-4a6a-a8ea-83974fba4363
609.0,Marcus Browne,631.0,,,,e568b013-586c-463f-ae18-627d4f7b2e3b
610.0,Domingos Quina,568.0,517.0,375.0,375.0,01cf8951-8399-4afe-8b60-ff3cb9387db4
611.0,Noor Husin,,,,,391ee50a-867c-4384-a154-1d6c62fc577f
612.0,Aaron Wan-Bissaka,579.0,145.0,122.0,122.0,b87c4350-cafe-4c26-bfac-66fe5224726a
613.0,Josh Maja,,,,,0eaea362-044c-442a-b57c-a7e5d9f03bbd
614.0,Rekeem Harper,507.0,,,,3278cf59-5e8a-4cc0-ae06-047446858b05
615.0,Ethan Robson,,,,,938bd402-dcde-4740-8d39-58e9c2bd114b
616.0,Jonjoe Kenny,145.0,161.0,,,eb286178-2cea-45ef-a752-971fa8ca812d
617.0,Elliot Embleton,,,,,5080bc8a-37fe-4179-b08f-917128ccb518
618.0,Declan Rice,510.0,406.0,395.0,395.0,af347418-f504-494e-9e7a-79190ca1f0bb
619.0,Charlie Rowan,,,,,f09c750a-f013-4d9f-8700-7db6537369f5
620.0,Michael Folivi,581.0,,,,34458b44-8d99-4ce8-854a-e8338db16da9
621.0,Brandon Mason,406.0,,,,1b5914b1-b048-4ff6-9d9e-3a7989bdfda8
622.0,Carl Stewart,613.0,,,,9356ec4a-ea33-4a90-b1cc-aebe556d91e9
623.0,Harry Lewis,,,,,b68923f4-fd72-4db2-8a45-8b5c0ef16152
624.0,Michael Ledger,,,,,706b797d-081c-408f-bc5f-47468313dbf4
625.0,Gabriel Fernando de Jesus,259.0,281.0,211.0,211.0,f834e0b2-2f2f-474d-a9d8-b85d89f875b7
626.0,Joey Barton,,,,,c11a78bb-13dc-4477-acd7-72a9665cb362
627.0,Ademola Lookman,157.0,170.0,155.0,155.0,5944b431-869f-495a-b0e3-ee10467e26c2
628.0,Wilfred Ndidi,206.0,227.0,176.0,176.0,60eb3989-2bc8-42e0-9599-9b177634dd2e
629.0,Rudy Gestede,,,,,5c9465a0-7587-440d-820f-156323eb536b
630.0,Evandro Goebel,,,,,c7800cd7-b418-4b63-b499-a50562dafdcb
631.0,Joel Taylor,,,,,8f3a7191-ce31-44ce-bd78-0a854022f0ba
632.0,Luciano Narsingh,369.0,,,,d28ed16a-52e6-4e9f-95d8-74cebfbc2466
633.0,Martin Olsson,358.0,,,,643a6908-63dc-4b7b-8edd-f7cc1fd40c53
634.0,Omar Elabdellaoui,,,,,97681749-138e-4b29-b284-1153b945f3a5
635.0,Joleon Lescott,,,,,ddd2b068-8687-4bd5-a0d3-c02d73a7e199
636.0,Mauro Zárate,419.0,,,,0c4656ff-7aaf-4b4e-9b34-51227c1d16ba
637.0,M'Baye Niang,,,,,dec8a31a-8ea2-4275-a5b5-d3c7d4f1b187
638.0,Andrea Ranocchia,,,,,bfaf9f92-28d2-4415-9612-f4203b377e1b
639.0,Giedrius Arlauskis,,,,,defe5396-65f1-448a-9ead-fbb00ab60a3b
640.0,Robbie Brady,87.0,79.0,98.0,98.0,673075a0-6135-42f8-bd08-3d255d26ad8b
641.0,Ashley Westwood,88.0,80.0,101.0,101.0,de655760-a000-4a87-9830-78f7ad11528d
642.0,Jordan Ayew,373.0,505.0,,468.0,a676a657-0ca6-40b0-be2d-9a153dbfdba5
643.0,Manolo Gabbiadini,327.0,349.0,,,0feb7cbd-6f39-45c2-9c6d-f8009362ef44
644.0,Alfred N'Diaye,,,,,eee5d54f-3bf5-4d40-b313-ad6441288ce9
645.0,Molla Wagué,197.0,,,,4c1bc222-7c82-4342-937e-cdbfdf20ca13
646.0,Luka Milivojevic,132.0,150.0,134.0,134.0,2d8fd5b6-84a4-437d-91ea-3227a058f6b5
647.0,Kamil Grosicki,,,,,31ef338b-810e-4ea8-b989-b4dd406993fb
648.0,Thomas Edwards,556.0,,,,63f4e80e-89d9-4004-8bc8-b3c0cf37a46e
649.0,Baily Cargill,,,,,6e59da94-8975-4037-9bef-ef76967389b0
650.0,Mouez Hassen,,,,,9fc1e66a-6efb-427f-a5ee-501d522215ed
651.0,Daniel Agyei,,,,,4316a247-3083-4478-a9c8-5dc730faaee6
652.0,Martín Cáceres,,,,,d7c78425-1f8e-43e7-b158-13e3f7925c58
653.0,Harry Wilson,,,,505.0,b807ba8b-768a-4099-9dde-fc918f0345ff
654.0,Connor Roberts,598.0,,,,f9ce9285-b368-4720-bafc-d12ff6e7de94
655.0,Matthew Willock,,,,,6b7acb17-e0d8-4c0c-be11-85a57b8c3a5d
656.0,Axel Tuanzebe,272.0,,,481.0,f4587cf3-0241-4c0f-b906-f3cc6d751ff9
657.0,Damian Emiliano Martinez,3.0,,,,0d31198d-8aa2-467b-9bd7-f8a9f5b2e05c
658.0,Joe Williams,,,,,e0e591e2-4131-4d74-84cd-d329924f6e78
659.0,Dion Pereira,,,,,02596134-e089-43c3-80bf-f7851a542c74
660.0,Matt Macey,559.0,,,,ff880580-7f1c-484e-bf25-3d65a11d8aea
661.0,James Husband,,,,,9f8c73a4-aa5a-4065-a21f-037dd0d7f9b9
662.0,Joel Dinis Castro Pereira,262.0,,,,f3c043ec-ab24-4217-9430-616ee215667f
663.0,Eduardo Dos Reis Carvalho,,,,,46d10800-d978-47ff-b3b4-7fe78f7bbae9
664.0,Moses Makasi,580.0,,,,0a577762-5a0f-4de3-9311-3021860c391a
665.0,Nathan Holland,,611.0,,,88a87c30-dabd-4e61-849a-d3c377ada72b
666.0,Rhian Brewster,,,,464.0,1342d01a-4a18-4324-a275-b83e67952fd1
667.0,Scott McTominay,283.0,303.0,248.0,248.0,737e17ca-9851-4de1-91d2-c68edaa3a3a9
668.0,Angus Gunn,,452.0,319.0,319.0,6205387f-6c45-4c51-bcb1-f33e0f9a16be
669.0,Demetri Mitchell,,,,,342b62aa-38b3-4930-ad33-6952e764fe14
670.0,Elliott Moore,,,,,ee51a6f7-ae9d-4bcd-bcd8-559509f3a7a5
671.0,Filip Lesniak,,,,,86698014-9c7c-47b9-8741-f83618204eba
672.0,Samuel Shashoua,,,,,7f192ed1-5ac4-4afd-a573-0c28af99822f
673.0,Zachary Dearnley,,,,,261d69d6-0608-4610-901b-6f42c379d7ab
674.0,Joshua Harrop,,,,,dd6ecc52-e349-4e12-8609-060379f53df7
675.0,Daniel Kemp,,,,,5ca3ff88-9b18-450b-9ba9-1c4304514c7a
676.0,Daniel Batty,,,,,4d501caa-56b3-40b7-8532-f7237b2d9e3f
677.0,Aaron Ramsdale,549.0,,,494.0,94039b98-7da8-4920-8757-b9439d5df119
678.0,Matthew Worthington,,,,,523d160e-20ca-4369-908f-ba0741a6194b
679.0,Sam Surridge,,599.0,71.0,71.0,b862cbb8-4e90-4db4-a3ad-659dc2cc0731
680.0,Angel Gomes,,568.0,245.0,245.0,60659af4-95bf-438b-8003-a306b0a36534
681.0,Kieran O'Hara,,,,,268521fc-8540-437f-a54a-5bf2ca7e86ed
682.0,Gerhard Tremmel,,,,,f93b99dc-f4c2-4010-8e75-1133ae35347b
683.0,Rene Gilmartin,,,,,2d4da8d3-2779-4f2a-b966-9f2ba729e460
,Sead Kolasinac,13.0,8.0,3.0,3.0,96b85d07-5435-4b7b-9764-250d9b2da4f9
,Alexandre Lacazette,28.0,22.0,12.0,12.0,ed86d698-8ec8-4b83-9bc0-46bf03758d3d
,Reiss Nelson,489.0,19.0,,489.0,da44ac12-58cb-4b02-845a-149bfccc64a4
,Edward Nketiah,560.0,552.0,13.0,13.0,541b18ab-d169-42b5-bd5f-34105252768d
,Konstantinos Mavropanos,595.0,10.0,8.0,8.0,85da5d8d-5754-46cb-ac84-c7290d2ec1f4
,Pierre-Emerick Aubameyang,616.0,23.0,11.0,11.0,0eecf589-2249-4955-be4a-ad7bc990df66
,Joseph Willock,634.0,566.0,,490.0,ed51de1e-3f9f-485e-8c1e-0f6a5d4b3cbd
,Jordi Osei-Tutu,644.0,,,,55010d43-3d1c-4abe-9667-b0a1db346d80
,Jack Simpson,570.0,32.0,66.0,66.0,b28dfa1e-104d-436a-b93d-555c26b37709
,Connor Mahoney,585.0,,,,3b25dd10-6741-43b6-ae69-aaa18ab15e94
,Matt Butcher,588.0,620.0,,,b7260f40-e085-46b1-92db-a743a9b71c98
,Kyle Taylor,602.0,600.0,,,3482856c-dec2-4c4c-b69e-7ca9613e5168
,Niki Mäenpää,53.0,,,,a13ef5f2-e02a-4247-840e-796bafaf16c8
,Mathew Ryan,54.0,47.0,47.0,47.0,fb3dbcbb-6a82-4b31-b45f-578a8312269c
,Lewis Dunk,55.0,48.0,42.0,42.0,bb38df51-a53d-40f1-85dc-8b162f509f3f
,Shane Duffy,56.0,49.0,37.0,37.0,ae61188a-36d5-472e-8dc6-216e1e08f1f7
,Uwe Hünemeier,57.0,,,,6b78990d-5068-4566-83e6-114d73f0ced6
,Bruno Saltor Grau,58.0,50.0,,,67723c69-5519-4c38-a811-b1779b616ae0
,Gaëtan Bong,59.0,51.0,41.0,41.0,f9299aa6-4de7-4471-911a-41bf0877b362
,Liam Rosenior,60.0,,,,06a656fd-597d-48e6-9be5-aaa225ce8b24
,Connor Goldson,61.0,,,,1f6f7a04-2255-42c4-8bef-ec34b1b0fc30
,Anthony Knockaert,62.0,55.0,52.0,52.0,8e791177-aada-4134-959a-cfb20780df5f
,Dale Stephens,63.0,56.0,57.0,57.0,9f8782b4-7245-45c4-afb2-a1b6f0b4a04a
,Beram Kayal,64.0,57.0,56.0,56.0,61e1eb48-ebc8-41c6-8d52-440a21b49b83
,Steve Sidwell,65.0,,,,cb0e558d-d429-4136-8a53-013c4a20e5bf
,Solomon March,66.0,58.0,55.0,55.0,0e4f30df-0e07-4882-84c4-04926b5ffff5
,Jiri Skalak,67.0,,,,2ec13fd1-6522-4b71-a0a3-2bbb803a305b
,Oliver Norwood,68.0,,302.0,302.0,e511d555-7ecf-4363-bcb4-e994e1bce670
,Jamie Murphy,69.0,,,,91316fff-496e-44c3-b548-4ff0a2efe166
,Pascal Groß,70.0,59.0,49.0,49.0,6386d19b-ce62-4b35-94c5-bd9a934ac6b3
,Glenn Murray,71.0,62.0,44.0,44.0,e770a87b-adf1-44fd-a04f-f78b9128edb8
,Tomer Hemed,72.0,63.0,,,92e4d6d4-966f-4df9-a625-fa5b5b29bab4
,Sam Baldock,73.0,64.0,,,bf964b56-f247-41bc-b3ac-5c3645f99e23
,Markus Suttner,461.0,52.0,,,ba80f835-cce4-44c9-9f40-c860e08029cb
,Isaiah Brown,481.0,,,,6fe420c7-0562-459d-bbba-eaabb8bcc4ec
,Davy Pröpper,490.0,60.0,54.0,54.0,4f7fd71e-e321-4fb5-86db-62aab41fffa9
,José Heriberto Izquierdo Mena,517.0,61.0,51.0,51.0,cd33cb60-18c0-4bc8-bc4a-f0f2838a9450
,Ezequiel Schelotto,538.0,53.0,,,3fa05031-c756-43fd-8157-1f45bc286aae
,Tim Krul,540.0,,280.0,280.0,d25cb7d3-4093-42dc-b48c-5df97a471965
,Jayson Molumby,553.0,617.0,,,3cf367ac-dc28-4b59-a7bd-676717f529ce
,Jürgen Locadia,604.0,65.0,45.0,45.0,0160bb93-aee3-4c79-99e8-0682c4e10e42
,Charlie Taylor,81.0,74.0,87.0,87.0,c72f4ae0-956f-41a7-aed7-a867f1f3e957
,Nahki Wells,185.0,86.0,,,8c584a32-dcd8-44a0-8b2a-fbe2e1af8ce3
,Chris Wood,518.0,87.0,91.0,91.0,4b5da611-401d-46d3-b3b0-2c981a6cb724
,Adam Legzdins,545.0,,,,9bc6e4aa-fec2-419a-9c32-506962948360
,Anders Lindegaard,554.0,485.0,,,e469b380-1bda-46fe-9c52-f272318ad55c
,Dwight McNeil,646.0,534.0,97.0,97.0,3359724e-9274-46a0-aeeb-2bb6b8087cb6
,Eduardo dos Reis Carvalho,95.0,,,,18358ae9-b3ef-4fa0-9416-018e9069caed
,Antonio Rüdiger,103.0,118.0,104.0,104.0,1ffeff26-9be7-459d-8f6b-4723bae73c83
,Kasey Palmer,183.0,,,,b0410b3f-8e2b-45fe-9f37-eff7fe01a735
,Tiemoué Bakayoko,463.0,129.0,,,5bc71496-1491-4a4f-8eec-a700b14f6060
,Andreas Christensen,470.0,119.0,108.0,108.0,953ddd08-0e85-4203-921f-419b4995edff
,Charly Musonda,471.0,,,,7c3be915-cde9-4f2a-85aa-cf970e5d1bbb
,Álvaro Morata,472.0,134.0,,,c4b0803d-80ad-4743-8875-d9e3fe67ea5b
,Fikayo Tomori,503.0,,,,10a95d2a-8b7c-4de0-b9a6-a63bf41b59b4
,Kyle Scott,504.0,,,,29a406f8-57d2-42f7-8925-10024fdd916a
,Jeremie Boga,509.0,,,,3efb6774-22a4-49a3-9ec7-0fa55ff669a4
,Davide Zappacosta,543.0,120.0,109.0,109.0,ce12d46e-bccc-4be9-b954-260c28f9046d
,Ethan Ampadu,558.0,130.0,121.0,121.0,1629a866-37c3-479c-8d40-fcd767388259
,Callum Hudson-Odoi,583.0,131.0,116.0,116.0,320c119b-72c7-478e-ba3b-43556a441b9d
,Dujon Sterling,600.0,,,,0da02a8d-1003-4604-a324-954a76ad8547
,Emerson Palmieri dos Santos,614.0,121.0,107.0,107.0,a9b2b496-164e-4a18-85ab-044c752e4167
,Trevoh Chalobah,632.0,,,,48ce3128-e2dc-4ad6-91bc-d3641b5c235f
,Jairo Riedewald,482.0,144.0,,,4a855930-da5b-4b22-8da1-1467dae7b0f6
,Jason Lokilo,491.0,,,,c1df0263-0969-4ba7-b3c5-89e7e02181fa
,Levi Lumeka,544.0,,,,bc26ed60-cc0b-4cd4-8f60-a13cf5f12f3b
,Dion Henry,555.0,,,,675937a5-9f34-4709-968b-e9294f375a63
,Jaroslaw Jach,605.0,442.0,,,40d7dae6-4cb4-472c-a13e-950bd5679259
,Erdal Rakip,606.0,,,,8618f533-61f1-4f4f-aff7-0e042a8e4a8b
,Alexander Sørloth,620.0,153.0,,,b6c64436-3780-4e82-a1bc-b23e0b388398
,Nya Kirby,630.0,,,,3e0c2f88-bc16-45a6-b185-7d20721624eb
,Diego Cavalieri,633.0,,,,57649640-c995-4475-8166-ee21e861d037
,James Daly,638.0,,,,7c14297f-60d4-47b7-a59c-7415b70783dd
,Davy Klaassen,158.0,171.0,,,d0757264-3a8e-4117-b419-287d20cc9822
,Sandro Ramírez,160.0,470.0,,,4645dec5-ec3e-440a-9c4d-92f19108882f
,Nikola Vlasic,539.0,173.0,,,2473acf1-2bba-4479-a708-45c756cfd46d
,Beni Baningime,563.0,174.0,,,2e5f0fce-7c59-4056-8143-a2738712588d
,Cenk Tosun,592.0,177.0,146.0,146.0,b7ce8782-d044-4726-a3dc-5eedd1722075
,Luke Garbutt,629.0,,,,e23d4da1-7b2c-43f0-b23b-6bc2b33c4ece
,Joel Coleman,162.0,598.0,,,68648c5f-1980-480f-93cb-722fd77cf541
,Jonas Lössl,163.0,191.0,,479.0,90fa8176-4b8e-4ee6-8299-4dc4fa2c9769
,Christopher Schindler,164.0,192.0,,,477ed25b-b657-4b7e-956d-7b8f1305b618
,Chris Löwe,165.0,193.0,,,332146ee-f747-4c70-8263-65a256031c2c
,Tommy Smith,166.0,194.0,,,29c0a0f9-59be-4623-91be-62edc6d7d798
,Michael Hefele,167.0,,,,0e4de251-d6ca-463a-a5e1-1160bc899e4f
,Martin Cranie,168.0,,,,d29a4f4d-2232-4102-9ede-8197f7e96b87
,Jon Gorenc Stankovic,169.0,522.0,,,681fc0bc-221e-4081-80fd-48703836805a
,Mark Hudson,170.0,,,,070a51ac-003f-4b24-85cb-6cfd220c5923
,Mathias Jorgensen,171.0,195.0,,,9ccfb2df-2b3b-409a-83b3-76093dd33caa
,Aaron Mooy,172.0,199.0,,516.0,7ec59a8b-d892-4394-b7e9-323365b18dc0
,Rajiv van La Parra,173.0,200.0,,,bff0ca77-8bb3-45f2-a979-e4ba9380990d
,Jonathan Hogg,174.0,201.0,,,d4c1f106-eaf6-4bb0-9c15-e8f6962f16c4
,Philip Billing,175.0,202.0,,476.0,e9958b28-4392-4604-848d-8dddb2ec028e
,Joe Lolley,176.0,,,,ba5ac4bc-db1c-4611-8dfc-70adf7a2e1c7
,Jack Payne,177.0,,,,de63db61-74bd-4cc0-a6bc-ee1c242f0eb5
,Dean Whitehead,178.0,,,,e8c58928-959d-4e19-9a72-21724a8b3fdb
,Harry Bunn,179.0,,,,60ce2403-5705-4701-8159-fce51a3d7fd7
,Sean Scannell,180.0,,,,63d25c46-3638-4f18-a54b-d90dd70e7662
,Elias Kachunga,181.0,212.0,,,c2071785-efc8-40d3-ab86-78a6baa6c347
,Tom Ince,182.0,203.0,,,6b315761-bec2-4566-bd99-60448f5f59af
,Danny Williams,184.0,204.0,,,e13364e8-dd7f-4ef2-ae5d-e471b2a8f725
,Collin Quaner,186.0,209.0,,,2792984a-1389-4112-b196-6766f4b21a0a
,Laurent Depoitre,187.0,210.0,,,9771eb49-c069-4152-835a-c6e97fed1992
,Steve Mounie,188.0,211.0,,,6a31d8e1-b7c3-4357-a941-9c41d7b8a22e
,Scott Malone,462.0,196.0,,,d359cb96-042c-4c72-8b67-5b1a782cf627
,Florent Hadergjonaj,521.0,197.0,,,bf58e623-e8a6-449a-8155-9d8cd0fcd4cc
,Abdelhamid Sabiri,522.0,205.0,,,d0ff6690-2aba-47bf-bd0c-226ec48ad9ff
,Robert Green,547.0,,,,1ee05ad4-50bf-4690-8783-70993019fd1d
,Terence Kongolo,591.0,198.0,,,528b0c16-daba-4592-830d-686709daea8f
,Vicente Iborra,208.0,228.0,,,9c2092e0-61d0-41ac-9d42-c534787e1bcf
,Matty James,474.0,229.0,177.0,177.0,27205d12-fe73-4116-bcf5-89e08ec8f34c
,Aleksandar Dragovic,541.0,,,,6e38da6d-7391-47f5-acb9-dbe1435ddb6d
,Hamza Choudhury,571.0,230.0,180.0,180.0,ceb2482b-e5b6-42f1-8c0e-d71081a8e835
,George Thomas,587.0,,,,deeb425f-2f4c-4231-b2e7-07a8e8104809
,Adrien Sebastian Perruchet Silva,589.0,231.0,,,0c87a81a-0efd-4a92-85aa-2bda6670143c
,Fousseni Diabaté,601.0,232.0,,,1ae46de7-e32c-432c-a5e8-a6b4df91d045
,Harvey Barnes,642.0,571.0,172.0,172.0,876e0c07-294b-4688-9f9e-d5cdc2233bbf
,Sam Hughes,645.0,,,,eb7b6430-5d86-4e2a-b674-ec50ad9ab373
,Layton Ndukwu,647.0,,,,4e03dba3-0670-4cdf-b807-63ac72fe99ad
,Mohamed Salah,234.0,253.0,191.0,191.0,9423f18a-7d86-4905-85c7-743e2d295f41
,Danny Ward,530.0,105.0,170.0,170.0,eb2825eb-9490-4aeb-a12f-183cef675285
,Danny Ward,530.0,457.0,170.0,170.0,cb72748c-e407-4ff8-9cb3-6ed9e2be34ab
,Conor Masterson,639.0,,,,b147ceee-92a2-4ee0-bf59-b466360db435
,Curtis Jones,640.0,597.0,,,1666d888-786a-45f3-b590-fe5599354dd9
,Rafael Camacho,641.0,557.0,201.0,201.0,9538ec28-89ce-40ac-874a-13c72f904038
,Ederson Santana de Moraes,240.0,260.0,212.0,212.0,75065ee4-43fb-4475-87bc-a21241170597
,Bernardo Mota Veiga de Carvalho e Silva,256.0,276.0,218.0,218.0,1237e3e5-3812-4cc0-a240-dd40e910ba39
,Danilo Luiz da Silva,483.0,266.0,209.0,209.0,d8ea3169-9cff-4ebf-8efc-b2906a6c8857
,Benjamin Mendy,484.0,267.0,204.0,204.0,15d7b5a6-0780-4aef-b89b-678b64ae726b
,Phil Foden,492.0,277.0,220.0,220.0,4a96f2e7-0818-49c5-bc5c-f89495d9481f
,Brahim Diaz,493.0,278.0,,,5f081082-94fb-435e-8202-942ed6dba919
,Aymeric Laporte,612.0,268.0,202.0,202.0,48ca1519-bc55-4cd6-92c2-1f738e42b207
,Lukas Nmecha,627.0,,,,2d7b5ddd-68dd-441c-bfe2-6123cbd042e2
,David De Gea,260.0,,,,b101cbfd-d34f-4df1-a078-2779d97f9aea
,Victor Lindelöf,273.0,292.0,225.0,225.0,3ccdffcc-c053-4b25-abba-4e72beaa4e2c
,Robert Elliot,286.0,307.0,,,e0fbe615-7776-4cff-8381-5d85c3c9d12a
,Karl Darlow,287.0,308.0,263.0,263.0,fe1bfc89-3563-4a33-81f5-12fbcf6a9d65
,Ciaran Clark,289.0,311.0,259.0,259.0,aff60c49-dbab-43bd-9357-2648f1d93dbc
,Jamaal Lascelles,290.0,312.0,258.0,258.0,dfd4fa0b-2d73-4b5b-b68a-071a47aee214
,Paul Dummett,291.0,313.0,255.0,255.0,db40361b-a1d1-4496-b9f4-f3edc8f7c2f3
,Grant Hanley,292.0,,277.0,277.0,e454dc8f-2e62-4381-846f-41d9849b0867
,Jesús Gámez Duarte,293.0,,,,9401498f-74c2-4d87-8c59-6edabac3ab12
,Florian Lejeune,294.0,314.0,257.0,257.0,fb17c6b8-d03e-4fea-85e5-349d418e3a78
,Matt Ritchie,295.0,317.0,251.0,251.0,91f39f75-d79e-4f77-8971-735f7cc32fe3
,Jonjo Shelvey,296.0,318.0,269.0,269.0,b0bfdc7c-085f-4e39-bd4a-a05bd0af7be0
,Yoan Gouffran,297.0,,,,cab4e69e-367d-4a60-9bf7-dd2cc6f337ab
,Jack Colback,299.0,,,482.0,7434abd3-22b6-4a97-96d2-ccfedd91f327
,Christian Atsu,300.0,320.0,267.0,267.0,f50d6372-9aff-4791-acc8-1f3b237a7477
,Dwight Gayle,301.0,325.0,,,f39564b5-5261-4796-8320-03abe65a196d
,Ayoze Pérez,302.0,326.0,265.0,265.0,ed67a36b-4d21-4d44-9d69-9766dde34556
,Aleksandar Mitrovic,303.0,480.0,,,67bca02b-a244-44c0-8411-87d4a057ba47
,Daryl Murphy,304.0,,,,93179c57-14cb-40ce-aae2-276ab9ec1050
,Massadio Haidara,465.0,,,,b05764f1-615c-4873-81ec-fcb3833a21f3
,Siem de Jong,466.0,,,,d6c2c615-f0f4-42f7-bbce-1a2e669b5183
,Rolando Aarons,467.0,,,499.0,2e2891bf-2aeb-4ce7-a094-1bd93337bbae
,Jacob Murphy,478.0,321.0,,483.0,e4207fd7-9da9-4919-b5eb-fbcb5766de9f
,Chancel Mbemba,494.0,316.0,,,e4d1036d-2f9f-4a69-903b-e5ae5d0264c1
,Mikel Merino,495.0,322.0,,,c2c0e19a-be06-4ef7-a200-57ade1066a89
,Isaac Hayden,496.0,323.0,271.0,271.0,acd022ab-6ec0-4217-9677-0892ae4b9a31
,Henri Saivet,516.0,,,,aed15c05-3bf2-4fb1-aaa0-3112ece4dc94
,Freddie Woodman,529.0,,,,4cfeb57c-8b3e-4600-8685-5cbac379bb97
,Martin Dubravka,621.0,309.0,262.0,262.0,fb0ec4df-7de8-4637-ad48-73594ea92535
,Jan Bednarek,315.0,335.0,307.0,307.0,0bcfa165-de8b-4bbe-83c7-cfbff367ec99
,Mario Lemina,500.0,344.0,324.0,324.0,b5fbc88a-c2e1-42a2-b4f7-72a642a41782
,Wesley Hoedt,525.0,336.0,,485.0,aef6bf98-aeac-4d1f-933b-a262b34bd4e5
,Michael Obafemi,603.0,550.0,314.0,314.0,db053aab-39e8-41c0-a53a-4eed134c4b31
,Guido Carrillo,607.0,350.0,,,ce973690-e095-43ef-92a5-e37dc1f1af28
,Bojan Krkic Perez,344.0,,,,1f216251-abe0-403d-964d-5dbc2b70c843
,Eric Maxim Choupo-Moting,497.0,,,,1cbbf464-24fb-48ff-81b3-abf333daa3e8
,Jesé Rodríguez Ruiz,512.0,,,,f8ecaea1-01a2-490a-8201-0049594be8a5
,Harry Souttar,550.0,,,,21f05a37-97e6-41a3-9418-e2a5ed4c1367
,Moritz Bauer,594.0,,,,05ef3218-cce7-4ad3-9651-1ff57cc08255
,Konstantinos Stafylidis,599.0,,,,9d58279d-a09c-4ae9-924e-7e231cde26e3
,Papa Alioune Ndiaye,619.0,,,,16cd776d-ff7e-47b2-9a03-1d1b93ec6718
,Tyrese Campbell,628.0,,,,6371ae86-a45b-4f13-b17a-03b4a30e22eb
,Lasse Sorenson,637.0,,,,6dab9856-4f9f-4ba7-8ceb-c76fd69b5e23
,Roque Mesa,370.0,,,,dda338e7-3b38-4069-bcb5-5799b4bfe66f
,Tammy Abraham,374.0,496.0,,460.0,efda876e-9a9a-4256-9152-a490f4b003e3
,Kyle Bartley,485.0,,,,e1e3a4b1-5217-4301-9f59-91e0a721c246
,Renato Sanches,535.0,,,,54ef7a65-b3d8-4906-a206-df0f069db491
,Joe Rodon,561.0,,,,0cf76253-25f7-4a67-a793-3c6fd14c8d92
,Erwin Mulder,576.0,,,,8b2648f3-b93f-4905-a709-c06e135fa2cc
,Kyle Walker-Peters,498.0,358.0,337.0,337.0,9ccae8d1-fa64-47d7-8234-b5badac44252
,Davinson Sánchez,520.0,359.0,333.0,333.0,f2d4ec9c-86aa-4051-a442-9d30b0215308
,Tashan Oakley-Boothe,531.0,,,,ad5ef291-ba3c-42fa-8442-c33b426ddd23
,Serge Aurier,532.0,360.0,336.0,336.0,c89c9a29-f90a-477b-9d06-94058d7e7819
,Juan Foyth,534.0,549.0,335.0,335.0,f615426d-1f2a-47d8-827a-4a371e189185
,Alfie Whiteman,566.0,538.0,,,031fc5db-317a-463a-93f7-afdbde659ff2
,Lucas Rodrigues Moura da Silva,617.0,370.0,345.0,345.0,d467ffc3-529b-44b3-b1ce-847e01d939cc
,Kazaiah Sterling,643.0,578.0,,,83b338e0-40f3-4f8b-918c-f104d6e1c9a5
,Francisco Femenía Far,407.0,383.0,357.0,357.0,11b8208e-9f63-453a-be31-363c51cf7719
,Will Hughes,416.0,392.0,370.0,370.0,f8c01819-57e1-448e-87a2-17b9005e850b
,Richarlison de Andrade,501.0,393.0,150.0,150.0,75d7673f-9ecf-43f1-87d1-2b951cf789ff
,André Carrillo,527.0,,,,243b273e-2f17-4eab-9a50-3ec9382072b2
,Orestis Karnezis,536.0,,,,0911e22b-0925-448c-abe5-ef6bf09d78b6
,Marvin Zeegelaar,537.0,384.0,,,46c04835-4c17-4e53-99ac-0b4fd1f350d6
,Daniel Bachmann,582.0,,,,554127e5-be2b-4bdc-aba7-40a897dad243
,Dodi Lukebakio,615.0,,,,14f15db2-2dbf-4455-866c-ff75c9f30cce
,Joy Mukena,625.0,,,,51988295-133f-4ed0-b337-dbdccd907bb7
,Ahmed El-Sayed Hegazi,468.0,,,,c21b3320-8b26-4468-9922-6c77c6023fc4
,Oliver Burke,524.0,,,,85802da5-5e1d-43c4-b6f7-e360185da171
,Grzegorz Krychowiak,533.0,,,,af05204a-e45f-4034-b7ea-5f600564b445
,Max Melbourne,572.0,,,,2a750964-df23-4eb9-b3e9-a2979a21a865
,Rayhaan Tulloch,577.0,,,,85519d74-d6e4-4ef8-acb0-bd1e0120a96d
,Nathan Ferguson,578.0,,,,d9a5bd5e-b58f-4e7d-b9b3-543acdd55061
,Ali Gabr,610.0,,,,e6556a42-4a4a-44e4-bb93-f23dcbdb1715
,Kyle Jameson,624.0,,,,a76da905-ace6-4ad9-8314-9e41a4de8141
,Javier Hernández Balcázar,487.0,419.0,386.0,386.0,5597011d-ef78-4106-9de4-60a331d5c89e
,Sead Haksabanovic,526.0,,,,5889b9d7-be1b-4fd1-8cf9-6c6475599cf4
,Antonio Martinez Lopez,567.0,,,,b2cc452f-29fc-455b-9ecb-2cb742755bec
,Ben Johnson,573.0,605.0,384.0,384.0,495cefaa-c2d9-4b98-aba8-f0b89f98bf25
,Nathan Trott,574.0,,,,dda7c6a4-ba7b-48c5-be52-a5dac2dd8e83
,João Mário Naval Costa Eduardo,608.0,,,,f37e896c-5b52-4c24-8f62-6fb8560e8671
,Jordan Hugill,622.0,420.0,,,e921d673-378d-47f1-ae2a-d0a0b48247a4
,Patrice Evra,626.0,,,,6c494841-b0f5-44aa-a90e-00b04cb082a5
,Josh Pask,635.0,,,,307c1ba9-8338-4f6e-9a50-ed3b22d667d9
,Grady Diangana,636.0,539.0,398.0,398.0,f9b319c8-8190-4667-94c5-63d137231caf
,Bernd Leno,,2.0,14.0,14.0,9e1e684b-2a55-4e07-a327-67d4e986ce4d
,Stephan Lichtsteiner,,11.0,,,b7e0c831-7fef-476c-86ca-a880cc134e0b
,Sokratis Papastathopoulos,,12.0,5.0,5.0,d60adf52-0b54-4e47-93b4-1d651cf4c4e8
,Lucas Torreira,,450.0,19.0,19.0,4d5864ec-0b41-46c0-bce8-fa6ba9247cee
,Matteo Guendouzi,,451.0,21.0,21.0,274b2c0f-f3e4-439e-a645-543dc3eeea5a
,Emiliano Martínez,,542.0,,427.0,bd3617d2-bbc6-40f6-86a3-fd0534630630
,Emile Smith-Rowe,,545.0,,,a29fea08-307a-4fee-8ce3-7721fbf7ad57
,Zech Medley,,546.0,,,d54ab9f5-3759-4483-ba03-631e0d74815e
,Bukayo Saka,,563.0,,,21d6467d-458f-4c75-ac0e-2db2c670b0dd
,Denis Suárez,,586.0,,,d4072259-c3d9-4d7a-9186-b42df89d6bd1
,David Brooks,,42.0,76.0,76.0,a83d3af1-b3b4-40ef-a426-41a75e01ba93
,Diego Rico,,473.0,65.0,65.0,251d1a07-5855-4f1e-8bc9-651c91d8c2f0
,Jefferson Lerma,,494.0,82.0,82.0,cde0bbfc-fffe-4ddc-b4be-81fdbabc679a
,Chris Mepham,,580.0,61.0,61.0,f6a55460-d96a-4c3a-9849-9ad2775d8d4e
,Nnamdi Ofoborh,,613.0,,,36450c18-f5fd-4be8-86c3-ed7f53a3f41d
,Mark Travers,,616.0,74.0,74.0,0c78a2b8-dd30-4870-843b-9c9d29961233
,Leon Balogun,,54.0,40.0,40.0,7261e085-fcd9-4cd2-8253-d022bcf5ddac
,Florin Andone,,66.0,46.0,46.0,a4278958-88d2-4200-94ff-ab6ee594a0b7
,David Button,,179.0,48.0,48.0,e96b6e2c-01ef-4bf9-a8ae-12b7068a7225
,Jason Steele,,439.0,,,d2eb3994-f6ec-4d97-8902-6a042d73e01a
,Bernardo Fernandes da Silva Junior,,440.0,39.0,39.0,700a5e95-05bb-478e-8f1d-21470ca54422
,Yves Bissouma,,466.0,53.0,53.0,154aa3e2-c436-48a7-8a16-714febe0b9bd
,Alireza Jahanbakhsh,,476.0,50.0,50.0,93d32457-17f6-46c9-b43c-f49e6590d8a2
,Martín Montoya,,503.0,38.0,38.0,a7e2aee2-7bf8-45b2-94e8-5b698faf3a90
,Viktor Gyokeres,,551.0,,,92a093bd-0a95-4c67-a3c5-56a3fa7cf33c
,Ben White,,559.0,,,33034aee-727e-44dd-8873-e592275d74b1
,Max Sanders,,572.0,,,5b75177a-5328-482f-96dd-ab85857c444e
,Dan Burn,,582.0,,475.0,40bbb7ce-de3e-424e-802d-2875a40fdf08
,Abd-Al-Ali Morakinyo Olaposi Koiki,,564.0,,,f94247a3-cc80-4424-b553-f98e1a548006
,Josh Benson,,583.0,,,77d33db2-3a91-4a03-ada1-36bae23a7763
,Anthony Driscoll-Glennon,,615.0,,,ea7c854d-0932-46d4-aca2-e38f82c4aef4
,Neil Etheridge,,88.0,,,bffc92b4-1c37-4c38-95d2-d11520f713b1
,Alex Smithies,,89.0,,,0c159862-eb85-4fb1-9d74-4d59df0fbba3
,Sean Morrison,,90.0,,,2bfa0fb2-9fdb-47c4-8cba-842185cc3913
,Sol Bamba,,91.0,,,ec5e964e-abe7-4b4a-a324-ee380bb60d30
,Bruno Ecuele Manga,,92.0,,,b4b71890-4c51-4993-8ba7-38b59104eede
,Matthew Connolly,,93.0,,,24923a4e-0fe7-4fb8-bc35-38c9596b8acf
,Joe Bennett,,94.0,,,bbab4ca4-8bbb-485c-bfbf-a7b2efd3804b
,Lee Peltier,,95.0,,,63d73182-6b21-47aa-994b-b1278d25de9b
,Ashley Darel Jazz Richards,,96.0,,,ad41b6b6-653e-4f5c-ac6d-cbe2aa541274
,Greg Halford,,97.0,,,c2446c3c-dc2b-4299-8bf7-9c13833d4679
,Joe Ralls,,98.0,,,e060d24c-a882-4af4-bd5c-c3420b016092
,David Junior Hoilett,,99.0,,,a673337b-491f-4751-923d-6810cf2f51f2
,Nathaniel Mendez-Laing,,100.0,,,18e640ea-f25b-41d3-8d12-1185832e6d9a
,Callum Paterson,,101.0,,,c0a7596f-8b6c-4f7b-98ed-968d9a055e6e
,Aron Gunnarsson,,102.0,,,48e17d67-768d-40f6-beb5-d0aa46d38eb2
,Anthony Pilkington,,103.0,,,0f3de127-a50a-465c-bf38-8bb2fca14441
,Loïc Damour,,104.0,,,5f1c0310-dc8c-4845-8f2e-dd2b93f5717b
,Josh Murphy,,106.0,,,551f85e7-68fa-4f17-a677-8e82973eff69
,Kenneth Zohore,,107.0,,,7b20d7db-2e82-4463-aa36-4c40de23c0b8
,Omar Bogle,,108.0,,,1d3495be-058f-4383-93c0-4b7e9e20cf5a
,Gary Madine,,109.0,,,a9241b5d-d535-4f93-ae4f-8c370fa05db6
,Bobby Reid,,110.0,,,3dd6cb6f-943e-416c-ac40-1ba6851fad30
,Greg Cunninghamm,,467.0,,,c39b5f41-585a-4eba-8ff0-f071c643cb96
,Víctor Camarasa,,504.0,,510.0,4c8c3639-72f3-40a7-9740-e43b81f9c11d
,Kadeem Harris,,535.0,,,6e57a96e-73da-4c8e-a0a7-96ece97121f8
,Brian Murphy,,537.0,,,f2115a67-b5b0-42a5-b0a3-62296248cbb6
,Rhys Healey,,573.0,,,788e630b-d209-4dfd-8f52-be4e7dbc106f
,Leandro Bacuna,,589.0,,,32c97911-b8a0-48e2-bd85-3f9097205663
,Jorge Luiz Frello Filho,,459.0,118.0,118.0,2cb60406-1889-464b-a574-af8bc22ff18f
,Kepa Arrizabalaga,,498.0,111.0,111.0,1a82ee88-847f-4ab7-837f-38061bcbbeff
,Mateo Kovacic,,499.0,,432.0,b69859ed-5d7c-4b1d-918f-031f48c0d926
,Gonzalo Higuaín,,579.0,,,241995e1-63b3-49b3-baa8-0b1588645fb5
,Addji Keaninkin Marc-Israel Guehi,,624.0,,,756f9c6c-d839-4a4d-8d48-e5a143c073f8
,Vicente Guaita,,137.0,131.0,131.0,509079f1-f513-4fc6-abe8-c070ec078265
,Max Meyer,,486.0,136.0,136.0,b5499574-93c7-4b8d-8015-1f60ecf9eeb0
,Joe Tupper,,576.0,,,484b0b8b-77c5-42cf-a7e1-c818a5b9c561
,Lucas Perri,,584.0,,,cbd72fda-2524-4ad7-b3cd-69c530f4307e
,Sam Woods,,609.0,,,c4b4e1d4-5669-410e-9c60-5d2f9cb96e3d
,Nikola Tavares,,619.0,,,404db5d0-ccf0-4b88-b61e-6d017d1fe834
,Lucas Digne,,484.0,141.0,141.0,a03e0559-bca4-49d5-ac20-4cd0e561ceb0
,Yerry Mina,,506.0,142.0,142.0,735b792f-3609-41de-ae52-fbe4f8265157
,Bernard Anício Caldeira Duarte,,507.0,152.0,152.0,3cb67f29-8189-440c-8338-2d24cf0a2e2c
,André Filipe Tavares Gomes,,508.0,422.0,422.0,1f10c5ed-2d51-4300-8b31-46c7f799ae04
,Kieran Dowell,,528.0,,,df8f41cd-edfe-44fc-b3f3-cab4097a3a2a
,Marcus Bettinelli,,178.0,,,1ad16553-c4be-4a52-8874-92e2821bfd82
,Tim Ream,,180.0,,,7a29fc7c-d6dc-49c1-af52-77c976fedbda
,Denis Odoi,,181.0,,,a8031e82-b022-4357-a4ac-8c4d1bf90ff0
,Tom Cairney,,182.0,,,8e9348d3-31cd-4f92-afce-33e4ae8eb05b
,Kevin McDonald,,183.0,,,50b4c8f7-0abb-4828-8b31-91ecd3b608b4
,Ryan Sessegnon,,184.0,,524.0,47c9f380-6efc-4b93-9100-5f6529d415b2
,Stefan Johansen,,185.0,,,fde7fdf5-1571-4e08-96de-de70d2cb7c08
,Floyd Ayité,,186.0,,,eca4e1b7-b7d3-4e5c-b594-2f2b8f0d4885
,Neeskens Kebano,,187.0,,,1d362fec-ea8b-481f-8bb2-10e9f923f03a
,Rui Pedro da Rocha Fonte,,188.0,,,99ed44be-bcd8-40d9-9f63-ab1aa1eb0e1a
,Aboubakar Kamara,,189.0,,,f7c09a28-d25a-4802-a2d9-4aca25201fe5
,Maxime Le Marchand,,455.0,,,c2711e7a-69ec-47b1-8bf5-467cbcbb2602
,Jean Michael Seri,,456.0,,,d0ed5d29-8f59-49ce-b9e5-328c646fb558
,Cyrus Christie,,460.0,,,063316c4-7129-4aaa-99c9-f108f6f1699e
,Fabricio Agosto Ramírez,,474.0,,,4c5fcac4-23ba-46d6-95b3-344101048f0f
,André Schürrle,,478.0,,,681dc990-9252-460a-8ba6-af9910701843
,Sergio Rico,,509.0,,,d0796e9c-62df-4ec4-a228-68bc6b6981e2
,Joe Bryan,,510.0,,,67dfc49a-a3a9-4072-9654-e75defe604e0
,André-Frank Zambo Anguissa,,512.0,,,6bef8620-720c-4bc6-88a1-198e00c7dfc0
,Luciano Vietto,,513.0,,,5535618c-6ed5-4753-96c5-58cd118e6285
,Ibrahima Cissé,,521.0,,,c40d3714-8532-4c14-9203-ff7c00b2cddb
,Zeze Steven Sessegnon,,541.0,,,ed50cd9f-3041-4cfa-a265-e2e436a69973
,Ryan Babel,,575.0,,,8ce1e9ba-6d33-4967-8a6b-6d9a204dcccd
,Harvey Elliott,,610.0,,,7091f615-2bc9-4f64-89c2-92dd691efd50
,Luca De La Torre,,621.0,,,61c0e970-db8f-4bb7-87f4-270c92fc6f69
,Juninho Bacuna,,208.0,,,eaa8324b-e632-4be4-b3d0-2986c7d96697
,Erik Durm,,461.0,,,57b4dfc0-4b8c-46a6-ad58-689b6830eddb
,Adama Diakhaby,,471.0,,,cdc8d131-20af-4ed3-bf08-c1b470b7af1e
,Isaac Mbenza,,514.0,,,e3b5d298-48e3-43c7-902b-c357f6db9b55
,Ryan Schofield,,533.0,,,d5b74d34-00d0-4b1c-a4ed-95caeb6a8cfa
,Karlan Grant,,585.0,,,6caf10a9-7758-4a2c-b113-557e110eaed5
,Demeaco Duhaney,,601.0,,,1bf32a72-7201-4806-a54f-9836d1f437b1
,Matthew Daly,,606.0,,,e40d44e4-6f48-46fe-8a22-1f1d73b3cc84
,Aaron Rowe,,607.0,,,0b49c5fe-8f6d-436e-b09e-9d5d143ec3f5
,Ricardo Domingos Barbosa Pereira,,221.0,159.0,159.0,54fce9ce-009e-42a1-a905-1a2f94c20f54
,James Maddison,,233.0,171.0,171.0,bc7afb59-edb2-4572-be8f-72524e5ce53e
,Rachid Ghezzal,,492.0,173.0,173.0,36d4259e-2018-4b79-a5e5-89c6093a034e
,Filip Benkovic,,501.0,,,9456daff-339f-4770-90fe-89deb1f3fe26
,Çaglar Söyüncü,,515.0,164.0,164.0,bdd96d2b-bc8f-4e97-b6ce-e9e1bba98799
,Josh Knight,,558.0,,,9833318e-ee05-4e3a-9fec-53bd83932ca2
,Youri Tielemans,,591.0,,448.0,f2556056-4a21-4bb4-b26b-d54c61b45cb5
,Fabio Henrique Tavares,,255.0,197.0,197.0,4ba38f4a-b4c0-443b-97bb-775ed4a82031
,Naby Keita,,256.0,196.0,196.0,cc098be2-3234-4347-aee6-59bc8c6e2f42
,Alisson Ramses Becker,,468.0,189.0,189.0,a5f9e34a-8004-4ff7-9002-394d8ae9f4be
,Arijanet Muric,,529.0,,,57e6efe1-e5fc-4c2d-a640-59fa12197fd2
,Philippe Sandler,,604.0,,,44181cf2-cdfa-40c9-ad3b-d58d0df25d94
,José Diogo Dalot Teixeira,,294.0,229.0,229.0,4ae013e9-b630-4269-88c6-455aa0afd6c0
,Frederico Rodrigues de Paula Santos,,304.0,244.0,244.0,438ddc4b-5734-40c6-9808-cb9a4b6b8f9a
,James Garner,,602.0,250.0,250.0,22e9b316-bc90-4b9f-97f6-c1e840f7a7c8
,Tahith Chong,,603.0,249.0,249.0,bef5798d-4d2e-4e32-a1fe-8a54489b9fd6
,Mason Greenwood,,608.0,234.0,234.0,da1e44c6-dd6b-47f8-9ce4-efd822da7127
,Fabian Schär,,482.0,252.0,252.0,742012e8-ac25-435d-89e0-1b44bcc0da84
,Yoshinori Muto,,488.0,260.0,260.0,90b3673e-3bad-4c0b-b4b6-5cf1e269cb51
,Jamie Sterry,,530.0,,,786c1403-52b6-4299-8a32-f930684ca0e2
,Sean Longstaff,,531.0,270.0,270.0,483859de-3873-4080-955f-e92796250c31
,Frederick Woodman,,553.0,264.0,264.0,a5c4fabf-8597-4f68-97f3-120423d60951
,Callum Roberts,,577.0,,,dd4727a4-0e07-4361-be89-9b2e7960df60
,Miguel Almirón,,587.0,266.0,266.0,bcf4f362-366f-4139-8a6d-685e1996b164
,Antonio Barreca,,588.0,,,e70cf972-3e27-4c21-bd56-f74e556164e9
,Kelland Watts,,622.0,,,41c0d600-c02f-485e-9a02-fa5c0d68943d
,Lewis Cass,,623.0,,,83452f1b-9356-4ca2-ac79-63033f69b250
,Stuart Armstrong,,345.0,323.0,323.0,3f085ecc-96d8-4437-8ff8-bd5b3b27b766
,Mohamed Elyounoussi,,346.0,322.0,322.0,d44c5d92-c829-477b-82e9-75a6a072bd21
,Jannik Vestergaard,,463.0,304.0,304.0,3272caf6-d74e-4dc7-807d-0dc2e343b9c9
,Yan Valery,,556.0,306.0,306.0,2a2226ad-3d3f-42e5-ae75-2fa51ebefa83
,Tyreke Johnson,,562.0,326.0,326.0,8ecbf15a-6e76-40e2-8c14-ee2202e5c5d3
,Kayne Ramsay,,565.0,311.0,311.0,0d5cd7a8-91e2-4cef-83f7-e17febbd4ae7
,Callum Slattery,,570.0,327.0,327.0,a5451231-5d32-4cd9-a186-eb1a2a9bca57
,Sam Gallagher,,574.0,316.0,316.0,50d43c54-d1a0-4009-9e27-70afcd13a4b8
,Alfie Jones,,595.0,,,94dd6ebd-16dd-4ef3-b01e-f91a375af9f5
,Luke Amos,,523.0,351.0,351.0,93604449-a688-4f7f-8125-862beee1aadd
,Oliver Skipp,,540.0,352.0,352.0,e5e9090a-c5bf-4819-805f-f18eef84ec19
,Timothy Eyoma,,561.0,,,228ec509-5f13-49fc-a399-6da45c44a5d3
,George Marsh,,612.0,,,b99448a8-dc07-4433-8def-b05528ee309c
,Pontus Dahlberg,,374.0,367.0,367.0,fdcb3020-aba5-4816-83b0-582181518395
,Marc Navarro,,385.0,360.0,360.0,93b7d5cf-7b86-4b1a-ba7b-4a9529741e66
,Adam Masina,,386.0,355.0,355.0,804b5d17-0583-45f4-98a7-29244a4eac61
,Ken Sema,,446.0,372.0,372.0,6a58552a-5416-4a39-83b5-5fea249962be
,Isaac Success Ajayi,,524.0,365.0,365.0,ae2c9824-57f0-491f-a9b5-979792b17be1
,Ben Wilmot,,544.0,,,5a8c0735-466b-4574-a274-0a4cefbd4f65
,Adalberto Peñaranda,,554.0,,,9e822046-35bd-4875-9e56-35448d912362
,Ryan Fredericks,,408.0,380.0,380.0,32f7c6ed-6591-48e7-ae3d-c00cb19beea7
,Issa Diop,,409.0,381.0,381.0,0b8e48be-1328-480b-a613-01a51c26b401
,Andriy Yarmolenko,,453.0,392.0,392.0,1e445834-8825-49bf-8baf-e3099c96a7f8
,Fabián Balbuena,,464.0,382.0,382.0,cdbf8f99-526b-44a3-93bc-321cb6b9b061
,Felipe Anderson Pereira Gomes,,465.0,390.0,390.0,05339750-7dc2-4fff-ae29-c997b727de2b
,Carlos Sánchez,,518.0,397.0,397.0,8336c6ff-cbf4-4ac2-9a57-81892d1fa852
,Joe Powell,,547.0,,,d5ba0bdf-b21a-46cd-b8e9-fcf28af900db
,Conor Coventry,,548.0,,,444b7833-c5f5-483f-a509-0092eea970df
,Alexandre Nascimento Costa Silva,,560.0,387.0,387.0,18115ca9-3373-499b-bdd3-d12e0d54ad14
,John Ruddy,,421.0,412.0,412.0,88a4c9ec-7096-4cd1-9cff-06b50e09e9ff
,Will Norris,,422.0,413.0,413.0,75732c20-ab9c-4249-bf34-d017ce7d6585
,Willy Boly,,423.0,405.0,405.0,e5b0e75a-e152-45f5-844f-3d97b3036e5b
,Barry Douglas,,424.0,,,2cff5fe9-365e-4d48-92cf-2965a5d7a0ec
,Matt Doherty,,425.0,401.0,401.0,8f6c442d-0265-4871-8527-e5bd15b6c3af
,Romain Saïss,,426.0,407.0,407.0,1d0fd833-e7c8-477a-a30b-b5be048d547a
,Ryan Bennett,,427.0,404.0,404.0,826b5075-bae2-44cd-a4cb-658a3c4fdc33
,Danny Batth,,428.0,,,75319579-e5cc-4e9a-b0c1-0520f1453786
,Roderick Jefferson Gonçalves Miranda,,429.0,,,37a23d67-2720-4f6d-9783-8c3bc5fa8ad7
,Conor Coady,,430.0,403.0,403.0,1af1b6bb-5ac5-446a-8e34-c03d966150e9
,Rúben Gonçalo Silva Nascimento Vinagre,,431.0,406.0,406.0,e16f28e0-23b0-473d-ae50-f6698c694480
,Diogo Jota,,432.0,410.0,410.0,fc72d39f-ddb0-4317-8cb5-3c3cc5448d32
,Rúben Diogo da Silva Neves,,433.0,414.0,414.0,315da7ca-eaf4-481b-a622-e65f50293d30
,Ivan Cavaleiro,,434.0,419.0,419.0,512c63d6-4df8-4e9b-bc88-5e452f663208
,Hélder Costa,,435.0,418.0,418.0,8ac0a699-d4ac-474b-b6fb-5ad4c632ddd3
,Bright Enobakhare,,436.0,,,4e1473a5-77c1-4464-a980-7411d2e56cd7
,Raúl Jiménez,,437.0,409.0,409.0,9e002814-5c25-4a07-94ac-e1c6d3721017
,Bonatini Lohner Maia Bonatini,,438.0,,,1d95e8be-1966-453e-a04c-272a0495d273
,Morgan Gibbs-White,,448.0,416.0,416.0,5e39e7b7-469a-4e9b-a71b-46ef17e720ee
,Rafa Mir,,449.0,,,ef5f971d-82b4-44f0-98db-5251edade402
,Rui Pedro dos Santos Patrício,,454.0,411.0,411.0,83f72831-4e32-4d08-9a49-1a0f04926d31
,João Filipe Iria Santos Moutinho,,475.0,415.0,415.0,cea6a944-8781-4c25-aff4-860641f09b40
,Jonathan Castro Otto,,483.0,402.0,402.0,16fc7afb-fede-4db7-b23e-81e9a87baef3
,Leander Dendoncker,,519.0,420.0,420.0,18600063-e2c6-434e-8ce6-473359c0bfc7
,Kortney Hause,,525.0,25.0,25.0,5f97bab8-d0e9-4cc2-9a0a-3bdc0ee9d267
,Ryan John Giles,,555.0,,,ac2f1f97-889c-46aa-9bf1-27a22cfa7b25
,Max Kilman,,567.0,408.0,408.0,73523e53-2673-49cc-b076-6647da930660
,Cameron John,,596.0,,,0d9f0627-8652-446c-8e09-f61c39e6c382
,Ahmed El Mohamady,,,22.0,22.0,2c6cb1b9-ec37-4c76-ac83-ffc5361f1e06
,Jonathan Kodjia,,,26.0,26.0,dff6d6bf-c5a9-4195-b216-7a698e413adc
,Ørjan Nyland,,,27.0,27.0,54a2bdae-ff03-4cf7-af93-4fa8ad2fe127
,Conor Hourihane,,,28.0,28.0,44313131-7d56-48bb-8bf2-4d3deef6d2fe
,Jack Grealish,,,29.0,29.0,e751972d-f781-4822-9319-0da0af6f532c
,Anwar El Ghazi,,,30.0,30.0,38b49cac-2c54-411f-bd7c-1035d176f69c
,John McGinn,,,31.0,31.0,fde9f2ee-df50-447c-bd5a-0622902642b0
,Andre Green,,,32.0,32.0,f1283553-bf5d-4917-8982-4148b0587aff
,Birkir Bjarnason,,,33.0,33.0,678fe4a8-b417-4f6d-b4e0-9f243a159291
,Keinan Davis,,,34.0,34.0,47fd84d2-7338-44d3-bf69-624dc47bfc36
,Henri Lansbury,,,35.0,35.0,3b5de28a-ee63-4a01-bf61-61a450433740
,José Ignacio Peleteiro Romallo,,,36.0,36.0,8d7716d4-a636-4910-8db4-9b56d0c6ee4a
,Lloyd Kelly,,,64.0,64.0,2ea53fe6-837e-420c-8d33-ad1c5ee6e3a8
,Matthew Clarke,,,43.0,43.0,aca50ef9-4c8f-4948-880a-5318618d0333
,Leandro Trossard,,,421.0,421.0,59826b18-50af-4372-b819-70b6953fbb31
,Timm Klose,,,272.0,272.0,bd47307a-6ea9-4b8c-b70c-ea1dc3a041c1
,Ben Godfrey,,,273.0,273.0,2b7d5e60-af9a-41f1-9b9c-5009b446f8db
,Maximillian Aarons,,,274.0,274.0,2c74eafc-f6f1-4b56-bf61-bc6dd2b6a075
,Christoph Zimmermann,,,275.0,275.0,41f3f928-a4c2-4d79-8ba9-c986f41f154f
,Jamal Lewis,,,276.0,276.0,9fd840e9-0885-485d-8e8a-fe6edfdc4809
,Teemu Pukki,,,278.0,278.0,6e440df3-16d0-499e-bd2a-f5fc88dfa43d
,Dennis Srbeny,,,279.0,279.0,a89cc0a9-59bc-4190-8006-cd6e2f5a900c
,Michael McGovern,,,281.0,281.0,b04ef40a-c392-4d67-8855-ee6d7568f923
,Mario Vrancic,,,282.0,282.0,d208bd53-760a-4ed4-a4d2-6bc4dcbc5e41
,Emiliano Buendía,,,283.0,283.0,25b4c241-db47-4dbd-9756-af489ce30b0b
,Onel Hernández,,,284.0,284.0,4c1a07b5-ea73-4352-bf01-e2b27e04cdc1
,Marco Stiepermann,,,285.0,285.0,15a59d26-1544-4972-b6e9-7752b560c5ad
,Kenny McLean,,,286.0,286.0,cffd65ca-45cd-4282-86fb-d4049cf8d463
,Todd Cantwell,,,287.0,287.0,b0497d13-6abf-45e2-b9b0-aef61b276725
,Moritz Leitner,,,288.0,288.0,bbd99ee0-272e-4fd8-88c1-79287d88de5b
,Alexander Tettey,,,289.0,289.0,dc1b8a67-34a0-43da-8c6d-aaff4f8670ab
,Tom Trybull,,,290.0,290.0,58fff5c2-9222-4f68-9288-a1ed22349ed3
,Enda Stevens,,,291.0,291.0,3dce30c9-2fce-4f58-8329-ccc297dced61
,Kieron Freeman,,,292.0,292.0,c458df71-e7b1-46fe-901e-8e7f361c9c48
,Jack O'Connell,,,293.0,293.0,7e1ecd7e-76e0-48a8-8e44-144391b42da6
,George Baldock,,,294.0,294.0,791096dd-7718-45b5-9ef6-06dd6f9520db
,John Egan,,,295.0,295.0,777cb2ff-e6d5-421d-a1d9-0b4cedaeec10
,Richard Stearman,,,296.0,296.0,09b5a708-5f4b-4885-a84c-df47a448e5b9
,John Lundstram,,,297.0,297.0,829cfb7e-6199-432f-b7ed-d96974047b79
,Billy Sharp,,,298.0,298.0,09233f24-cfb3-45b3-b38a-148f7f866d5f
,Jake Eastwood,,,299.0,299.0,b3582ddd-107d-4029-996e-da3bfe8d7e41
,Mark Duffy,,,300.0,300.0,4a5b33be-8eb8-469c-8ab0-f9fc2821e9f2
,John Fleck,,,301.0,301.0,a4194359-6adf-42ff-ab62-3c80775b4da7
,David McGoldrick,,,303.0,303.0,bfb575f3-6a36-4f10-b5f9-6dfadf2b90e6
,Chris Basham,,,423.0,423.0,cfe7a525-2a2a-4ced-91a1-c92ddd4587f1
,Pablo Fornals,,,399.0,399.0,4ab94730-5cd7-428a-83d6-cbcd4bcbae44
,Daniel Ceballos Fernández,,,,469.0,7cdce326-0f3b-4a9f-9227-c2b41d82515a
,Nicolas Pépé,,,,488.0,1ac86e1c-1696-4d7e-887b-cb56b0707da5
,Gabriel Teodoro Martinelli Silva,,,,504.0,c0152a99-0da5-4598-99e0-baa5f2994e23
,Kieran Tierney,,,,515.0,82a26547-afcc-425e-affe-8d9620a40dce
,Wesley Moraes,,,,428.0,e37fd717-2105-45bf-b904-e6e0a23b893e
,Jed Steer,,,,429.0,1349a258-f71d-492e-96e1-586ede9de2bc
,Ezri Konsa Ngoyo,,,,452.0,66e7a16d-8579-42b2-9cc4-8dc1607505e1
,Bjorn Engels,,,,455.0,e6afa39a-34d6-4164-baa3-01faec7af774
,Frédéric Guilbert,,,,458.0,64a98ee0-452d-447a-b116-29d11f9fffb4
,Mahmoud Ahmed Ibrahim Hassan,,,,465.0,515f6f3b-66d7-450c-8316-76d853a55e2c
,Douglas Luiz Soares de Paulo,,,,470.0,1a321bc4-6676-4601-beb3-7557c903809d
,Lovre Kalinic,,,,474.0,420bdedd-0515-4ff3-89f2-9bf61050bd82
,Marvelous Nakamba,,,,491.0,032f7d52-c7a5-4746-8257-2c21459420aa
,Jack Stacey,,,,446.0,b8913c03-ad21-4f62-a028-d6e221770d50
,Arnaut Danjuma Groeneveld,,,,492.0,862315db-a834-4629-a73b-4dcd973974d3
,Adam Webster,,,,493.0,82756ea0-553e-438d-af01-4ca5619600c7
,Neal Maupay,,,,502.0,51239474-a97f-4811-a405-950934e6130f
,Bailey Peacock-Farrell,,,,495.0,085ee7f0-3469-45c7-b127-b22057dd5db9
,Christian Pulisic,,,,431.0,4e41a458-ffcf-4cdf-8e3a-cd7b3c51bbfa
,Mason Mount,,,,463.0,8cc1fc05-d821-4e9c-bf15-f49e8072340b
,Reece James,,,,506.0,0be7ab52-2a2c-4700-bd17-4417169b344f
,Lewis Gibson,,,,477.0,6d07a129-159a-42bd-b0e3-925dd6153d89
,Moise Kean,,,,496.0,9a8dd94e-2477-4e97-8c8f-7b81f12bbedd
,Jean-Philippe Gbamin,,,,497.0,f1ba4358-de83-49f0-a848-f8ca18e001c0
,Djibril Sidibé,,,,511.0,ccc2bedd-86e2-4d7e-bbdb-b46910f4d8e4
,James Justin,,,,433.0,f7a4e1e1-cc3e-4315-940d-de4185da2b99
,Dennis Praet,,,,517.0,68be4bf4-e20f-48c4-9121-34ba49758a64
,José Ángel Esmorís Tasende,,,,440.0,bfb8271f-4b71-4963-ad87-09ccd3ada474
,Rodrigo Hernandez,,,,443.0,f8fa2b67-2a22-44ad-8f04-3449f80fc0db
,João Pedro Cavaco Cancelo,,,,518.0,e722712e-359a-4087-8ee3-a1621eaac958
,Joelinton Cássio Apolinário de Lira,,,,466.0,3e9ab8ef-63d3-4d31-a3d4-4e0cbf16f5b1
,Jetro Willems,,,,498.0,8bccfe71-6399-4748-aafe-fe380e2ab2d6
,Allan Saint-Maximin,,,,500.0,e6cd0c29-28a8-4cfc-8750-0f775b2d3168
,Emil Krafth,,,,519.0,ee3cf1d7-2894-4ad1-a852-ecb4c2a094f2
,Josip Drmic,,,,434.0,4dbca03b-12a7-453c-abf6-4c3f5701c868
,Patrick Roberts,,,,435.0,1ee08d30-bc20-414e-8846-80d3b5c4f97b
,Ralf Fahrmann,,,,449.0,5d30d37e-a8a8-4fe6-b5ab-e814d92790f5
,Philip Heise,,,,484.0,bc01ab48-906a-4576-9fe8-80a25780bbad
,Ibrahim Amadou,,,,507.0,ebe11367-59ef-4e01-9fd3-fcc0f227d3c8
,Simon Moore,,,,436.0,757c1c21-3f82-4018-941d-4596ca53839f
,Luke Freeman,,,,441.0,d7eacf44-f38a-4fd3-936f-85832a65777a
,Callum Robinson,,,,453.0,d808b913-7205-44d0-aba9-16efdf51916f
,Ravel Morrison,,,,456.0,621f2104-ae7b-4b82-a00a-f628c774423a
,Dean Henderson,,,,471.0,6978241b-41fa-4b01-bd87-c9a11170a17b
,Ben Osborn,,,,472.0,42c712b7-b0fb-4904-ab9d-c973224b7c6a
,Michael Verrips,,,,521.0,68f55a52-ed4a-4831-95cf-6bcd1eb49669
,Muhamed Bešić,,,,522.0,b0e83c36-170b-4b25-b45a-fd2410df3da6
,Che Adams,,,,437.0,7ea250b1-4395-4851-aafd-0bb58767a58b
,Moussa Djenepo,,,,438.0,e34b4189-8e56-430f-8e28-0a4d739bfa12
,Tanguy Ndombele,,,,442.0,55c73a2d-6893-4f7b-be67-a900d6c36626
,Troy Parrott,,,,509.0,86fbb8c8-d13c-4015-90c9-b4bcaae92375
,Giovani Lo Celso,,,,523.0,d4c4c37c-9ae6-4147-a3d0-c3232fcec40e
,Heurelho da Silva Gomes,,,,513.0,de0ddf3a-f98d-458b-b79c-a7d08bddf655
,Ismaïla Sarr,,,,525.0,fcd10ae6-4439-4d93-86d8-e4db2e619e39
,Roberto Jimenez Gago,,,,450.0,df2e7a6b-b6a3-4ea2-b222-778318297503
,Sébastien Haller,,,,457.0,314790f3-4899-478e-a2fd-84f9c5a1edc9
,Albian Ajeti,,,,514.0,d99e9971-2fdb-4ea8-97a8-73315c9bb87e
,Jesús Vallejo Lázaro,,,,473.0,eef7f89d-4dcd-4f90-8200-bf2f111ee63a
,Patrick Cutrone,,,,487.0,afe72a55-b794-4139-b757-8212143f9464
